<FontData>
  <Texture>
    ../../workshop/content/881100/2921365704/fonts/font_pixel.png
  </Texture>
  <LineHeight>
    7
  </LineHeight>
  <CharSpace>
    0
  </CharSpace>
  <WordSpace>
    6
  </WordSpace>
  <QuadChar id="32" offset_x="0" offset_y="0" rect_h="11" rect_w="3" rect_x="0" rect_y="0" width="3" >
  </QuadChar>
  <QuadChar id="33" offset_x="0" offset_y="0" rect_h="11" rect_w="3" rect_x="4" rect_y="0" width="3" >
  </QuadChar>
  <QuadChar id="34" offset_x="0" offset_y="0" rect_h="11" rect_w="4" rect_x="8" rect_y="0" width="4" >
  </QuadChar>
  <QuadChar id="35" offset_x="0" offset_y="0" rect_h="11" rect_w="6" rect_x="13" rect_y="0" width="6" >
  </QuadChar>
  <QuadChar id="36" offset_x="0" offset_y="0" rect_h="11" rect_w="6" rect_x="20" rect_y="0" width="6" >
  </QuadChar>
  <QuadChar id="37" offset_x="0" offset_y="0" rect_h="11" rect_w="6" rect_x="27" rect_y="0" width="6" >
  </QuadChar>
  <QuadChar id="38" offset_x="0" offset_y="0" rect_h="11" rect_w="6" rect_x="34" rect_y="0" width="6" >
  </QuadChar>
  <QuadChar id="39" offset_x="0" offset_y="0" rect_h="11" rect_w="2" rect_x="41" rect_y="0" width="2" >
  </QuadChar>
  <QuadChar id="40" offset_x="0" offset_y="0" rect_h="11" rect_w="6" rect_x="44" rect_y="0" width="6" >
  </QuadChar>
  <QuadChar id="41" offset_x="0" offset_y="0" rect_h="11" rect_w="6" rect_x="51" rect_y="0" width="6" >
  </QuadChar>
  <QuadChar id="42" offset_x="0" offset_y="0" rect_h="11" rect_w="6" rect_x="58" rect_y="0" width="6" >
  </QuadChar>
  <QuadChar id="43" offset_x="0" offset_y="0" rect_h="11" rect_w="6" rect_x="65" rect_y="0" width="6" >
  </QuadChar>
  <QuadChar id="44" offset_x="0" offset_y="0" rect_h="11" rect_w="3" rect_x="72" rect_y="0" width="3" >
  </QuadChar>
  <QuadChar id="45" offset_x="0" offset_y="0" rect_h="11" rect_w="6" rect_x="76" rect_y="0" width="6" >
  </QuadChar>
  <QuadChar id="46" offset_x="0" offset_y="0" rect_h="11" rect_w="2" rect_x="83" rect_y="0" width="2" >
  </QuadChar>
  <QuadChar id="47" offset_x="0" offset_y="0" rect_h="11" rect_w="6" rect_x="86" rect_y="0" width="6" >
  </QuadChar>
  <QuadChar id="48" offset_x="0" offset_y="0" rect_h="11" rect_w="6" rect_x="93" rect_y="0" width="6" >
  </QuadChar>
  <QuadChar id="49" offset_x="0" offset_y="0" rect_h="11" rect_w="4" rect_x="100" rect_y="0" width="4" >
  </QuadChar>
  <QuadChar id="50" offset_x="0" offset_y="0" rect_h="11" rect_w="6" rect_x="105" rect_y="0" width="6" >
  </QuadChar>
  <QuadChar id="51" offset_x="0" offset_y="0" rect_h="11" rect_w="6" rect_x="112" rect_y="0" width="6" >
  </QuadChar>
  <QuadChar id="52" offset_x="0" offset_y="0" rect_h="11" rect_w="6" rect_x="119" rect_y="0" width="6" >
  </QuadChar>
  <QuadChar id="53" offset_x="0" offset_y="0" rect_h="11" rect_w="6" rect_x="126" rect_y="0" width="6" >
  </QuadChar>
  <QuadChar id="54" offset_x="0" offset_y="0" rect_h="11" rect_w="6" rect_x="133" rect_y="0" width="6" >
  </QuadChar>
  <QuadChar id="55" offset_x="0" offset_y="0" rect_h="11" rect_w="6" rect_x="140" rect_y="0" width="6" >
  </QuadChar>
  <QuadChar id="56" offset_x="0" offset_y="0" rect_h="11" rect_w="6" rect_x="147" rect_y="0" width="6" >
  </QuadChar>
  <QuadChar id="57" offset_x="0" offset_y="0" rect_h="11" rect_w="6" rect_x="154" rect_y="0" width="6" >
  </QuadChar>
  <QuadChar id="58" offset_x="0" offset_y="0" rect_h="11" rect_w="2" rect_x="161" rect_y="0" width="2" >
  </QuadChar>
  <QuadChar id="59" offset_x="0" offset_y="0" rect_h="11" rect_w="2" rect_x="164" rect_y="0" width="2" >
  </QuadChar>
  <QuadChar id="60" offset_x="0" offset_y="0" rect_h="11" rect_w="6" rect_x="167" rect_y="0" width="6" >
  </QuadChar>
  <QuadChar id="61" offset_x="0" offset_y="0" rect_h="11" rect_w="6" rect_x="174" rect_y="0" width="6" >
  </QuadChar>
  <QuadChar id="62" offset_x="0" offset_y="0" rect_h="11" rect_w="6" rect_x="181" rect_y="0" width="6" >
  </QuadChar>
  <QuadChar id="63" offset_x="0" offset_y="0" rect_h="11" rect_w="6" rect_x="188" rect_y="0" width="6" >
  </QuadChar>
  <QuadChar id="64" offset_x="0" offset_y="0" rect_h="11" rect_w="6" rect_x="195" rect_y="0" width="6" >
  </QuadChar>
  <QuadChar id="65" offset_x="0" offset_y="0" rect_h="11" rect_w="6" rect_x="202" rect_y="0" width="6" >
  </QuadChar>
  <QuadChar id="66" offset_x="0" offset_y="0" rect_h="11" rect_w="6" rect_x="209" rect_y="0" width="6" >
  </QuadChar>
  <QuadChar id="67" offset_x="0" offset_y="0" rect_h="11" rect_w="6" rect_x="216" rect_y="0" width="6" >
  </QuadChar>
  <QuadChar id="68" offset_x="0" offset_y="0" rect_h="11" rect_w="6" rect_x="223" rect_y="0" width="6" >
  </QuadChar>
  <QuadChar id="69" offset_x="0" offset_y="0" rect_h="11" rect_w="6" rect_x="230" rect_y="0" width="6" >
  </QuadChar>
  <QuadChar id="70" offset_x="0" offset_y="0" rect_h="11" rect_w="6" rect_x="237" rect_y="0" width="6" >
  </QuadChar>
  <QuadChar id="71" offset_x="0" offset_y="0" rect_h="11" rect_w="6" rect_x="244" rect_y="0" width="6" >
  </QuadChar>
  <QuadChar id="72" offset_x="0" offset_y="0" rect_h="11" rect_w="6" rect_x="251" rect_y="0" width="6" >
  </QuadChar>
  <QuadChar id="73" offset_x="0" offset_y="0" rect_h="11" rect_w="5" rect_x="258" rect_y="0" width="5" >
  </QuadChar>
  <QuadChar id="74" offset_x="0" offset_y="0" rect_h="11" rect_w="6" rect_x="264" rect_y="0" width="6" >
  </QuadChar>
  <QuadChar id="75" offset_x="0" offset_y="0" rect_h="11" rect_w="6" rect_x="271" rect_y="0" width="6" >
  </QuadChar>
  <QuadChar id="76" offset_x="0" offset_y="0" rect_h="11" rect_w="5" rect_x="278" rect_y="0" width="5" >
  </QuadChar>
  <QuadChar id="77" offset_x="0" offset_y="0" rect_h="11" rect_w="6" rect_x="284" rect_y="0" width="6" >
  </QuadChar>
  <QuadChar id="78" offset_x="0" offset_y="0" rect_h="11" rect_w="6" rect_x="291" rect_y="0" width="6" >
  </QuadChar>
  <QuadChar id="79" offset_x="0" offset_y="0" rect_h="11" rect_w="6" rect_x="298" rect_y="0" width="6" >
  </QuadChar>
  <QuadChar id="80" offset_x="0" offset_y="0" rect_h="11" rect_w="5" rect_x="305" rect_y="0" width="5" >
  </QuadChar>
  <QuadChar id="81" offset_x="0" offset_y="0" rect_h="11" rect_w="6" rect_x="311" rect_y="0" width="6" >
  </QuadChar>
  <QuadChar id="82" offset_x="0" offset_y="0" rect_h="11" rect_w="6" rect_x="318" rect_y="0" width="6" >
  </QuadChar>
  <QuadChar id="83" offset_x="0" offset_y="0" rect_h="11" rect_w="6" rect_x="325" rect_y="0" width="6" >
  </QuadChar>
  <QuadChar id="84" offset_x="0" offset_y="0" rect_h="11" rect_w="6" rect_x="332" rect_y="0" width="6" >
  </QuadChar>
  <QuadChar id="85" offset_x="0" offset_y="0" rect_h="11" rect_w="6" rect_x="339" rect_y="0" width="6" >
  </QuadChar>
  <QuadChar id="86" offset_x="0" offset_y="0" rect_h="11" rect_w="6" rect_x="346" rect_y="0" width="6" >
  </QuadChar>
  <QuadChar id="87" offset_x="0" offset_y="0" rect_h="11" rect_w="6" rect_x="353" rect_y="0" width="6" >
  </QuadChar>
  <QuadChar id="88" offset_x="0" offset_y="0" rect_h="11" rect_w="6" rect_x="360" rect_y="0" width="6" >
  </QuadChar>
  <QuadChar id="89" offset_x="0" offset_y="0" rect_h="11" rect_w="6" rect_x="367" rect_y="0" width="6" >
  </QuadChar>
  <QuadChar id="90" offset_x="0" offset_y="0" rect_h="11" rect_w="6" rect_x="374" rect_y="0" width="6" >
  </QuadChar>
  <QuadChar id="91" offset_x="0" offset_y="0" rect_h="11" rect_w="6" rect_x="381" rect_y="0" width="6" >
  </QuadChar>
  <QuadChar id="92" offset_x="0" offset_y="0" rect_h="11" rect_w="6" rect_x="388" rect_y="0" width="6" >
  </QuadChar>
  <QuadChar id="93" offset_x="0" offset_y="0" rect_h="11" rect_w="6" rect_x="395" rect_y="0" width="6" >
  </QuadChar>
  <QuadChar id="94" offset_x="0" offset_y="0" rect_h="11" rect_w="6" rect_x="402" rect_y="0" width="6" >
  </QuadChar>
  <QuadChar id="95" offset_x="0" offset_y="0" rect_h="11" rect_w="6" rect_x="409" rect_y="0" width="6" >
  </QuadChar>
  <QuadChar id="96" offset_x="0" offset_y="0" rect_h="11" rect_w="3" rect_x="416" rect_y="0" width="3" >
  </QuadChar>
  <QuadChar id="97" offset_x="0" offset_y="0" rect_h="11" rect_w="4" rect_x="420" rect_y="0" width="4" >
  </QuadChar>
  <QuadChar id="98" offset_x="0" offset_y="0" rect_h="11" rect_w="4" rect_x="425" rect_y="0" width="4" >
  </QuadChar>
  <QuadChar id="99" offset_x="0" offset_y="0" rect_h="11" rect_w="4" rect_x="430" rect_y="0" width="4" >
  </QuadChar>
  <QuadChar id="100" offset_x="0" offset_y="0" rect_h="11" rect_w="4" rect_x="435" rect_y="0" width="4" >
  </QuadChar>
  <QuadChar id="101" offset_x="0" offset_y="0" rect_h="11" rect_w="4" rect_x="440" rect_y="0" width="4" >
  </QuadChar>
  <QuadChar id="102" offset_x="0" offset_y="0" rect_h="11" rect_w="4" rect_x="445" rect_y="0" width="4" >
  </QuadChar>
  <QuadChar id="103" offset_x="0" offset_y="0" rect_h="11" rect_w="4" rect_x="450" rect_y="0" width="4" >
  </QuadChar>
  <QuadChar id="104" offset_x="0" offset_y="0" rect_h="11" rect_w="4" rect_x="455" rect_y="0" width="4" >
  </QuadChar>
  <QuadChar id="105" offset_x="0" offset_y="0" rect_h="11" rect_w="2" rect_x="460" rect_y="0" width="2" >
  </QuadChar>
  <QuadChar id="106" offset_x="0" offset_y="0" rect_h="11" rect_w="4" rect_x="463" rect_y="0" width="4" >
  </QuadChar>
  <QuadChar id="107" offset_x="0" offset_y="0" rect_h="11" rect_w="4" rect_x="468" rect_y="0" width="4" >
  </QuadChar>
  <QuadChar id="108" offset_x="0" offset_y="0" rect_h="11" rect_w="2" rect_x="473" rect_y="0" width="2" >
  </QuadChar>
  <QuadChar id="109" offset_x="0" offset_y="0" rect_h="11" rect_w="6" rect_x="476" rect_y="0" width="6" >
  </QuadChar>
  <QuadChar id="110" offset_x="0" offset_y="0" rect_h="11" rect_w="4" rect_x="483" rect_y="0" width="4" >
  </QuadChar>
  <QuadChar id="111" offset_x="0" offset_y="0" rect_h="11" rect_w="4" rect_x="488" rect_y="0" width="4" >
  </QuadChar>
  <QuadChar id="112" offset_x="0" offset_y="0" rect_h="11" rect_w="4" rect_x="493" rect_y="0" width="4" >
  </QuadChar>
  <QuadChar id="113" offset_x="0" offset_y="0" rect_h="11" rect_w="4" rect_x="498" rect_y="0" width="4" >
  </QuadChar>
  <QuadChar id="114" offset_x="0" offset_y="0" rect_h="11" rect_w="4" rect_x="503" rect_y="0" width="4" >
  </QuadChar>
  <QuadChar id="115" offset_x="0" offset_y="0" rect_h="11" rect_w="4" rect_x="508" rect_y="0" width="4" >
  </QuadChar>
  <QuadChar id="116" offset_x="0" offset_y="0" rect_h="11" rect_w="4" rect_x="513" rect_y="0" width="4" >
  </QuadChar>
  <QuadChar id="117" offset_x="0" offset_y="0" rect_h="11" rect_w="4" rect_x="518" rect_y="0" width="4" >
  </QuadChar>
  <QuadChar id="118" offset_x="0" offset_y="0" rect_h="11" rect_w="4" rect_x="523" rect_y="0" width="4" >
  </QuadChar>
  <QuadChar id="119" offset_x="0" offset_y="0" rect_h="11" rect_w="6" rect_x="528" rect_y="0" width="6" >
  </QuadChar>
  <QuadChar id="120" offset_x="0" offset_y="0" rect_h="11" rect_w="4" rect_x="535" rect_y="0" width="4" >
  </QuadChar>
  <QuadChar id="121" offset_x="0" offset_y="0" rect_h="11" rect_w="4" rect_x="540" rect_y="0" width="4" >
  </QuadChar>
  <QuadChar id="122" offset_x="0" offset_y="0" rect_h="11" rect_w="4" rect_x="545" rect_y="0" width="4" >
  </QuadChar>
  <QuadChar id="124" offset_x="0" offset_y="0" rect_h="11" rect_w="6" rect_x="550" rect_y="0" width="6" >
  </QuadChar>
  <QuadChar id="126" offset_x="0" offset_y="0" rect_h="11" rect_w="6" rect_x="557" rect_y="0" width="6" >
  </QuadChar>
  <QuadChar id="161" offset_x="0" offset_y="0" rect_h="11" rect_w="3" rect_x="564" rect_y="0" width="3" >
  </QuadChar>
  <QuadChar id="169" offset_x="0" offset_y="0" rect_h="11" rect_w="7" rect_x="568" rect_y="0" width="7" >
  </QuadChar>
  <QuadChar id="171" offset_x="0" offset_y="0" rect_h="11" rect_w="6" rect_x="576" rect_y="0" width="6" >
  </QuadChar>
  <QuadChar id="172" offset_x="0" offset_y="0" rect_h="11" rect_w="6" rect_x="583" rect_y="0" width="6" >
  </QuadChar>
  <QuadChar id="187" offset_x="0" offset_y="0" rect_h="11" rect_w="6" rect_x="590" rect_y="0" width="6" >
  </QuadChar>
  <QuadChar id="191" offset_x="0" offset_y="0" rect_h="11" rect_w="5" rect_x="597" rect_y="0" width="5" >
  </QuadChar>
  <QuadChar id="192" offset_x="0" offset_y="0" rect_h="11" rect_w="6" rect_x="603" rect_y="0" width="6" >
  </QuadChar>
  <QuadChar id="193" offset_x="0" offset_y="0" rect_h="11" rect_w="6" rect_x="610" rect_y="0" width="6" >
  </QuadChar>
  <QuadChar id="194" offset_x="0" offset_y="0" rect_h="11" rect_w="6" rect_x="617" rect_y="0" width="6" >
  </QuadChar>
  <QuadChar id="195" offset_x="0" offset_y="0" rect_h="11" rect_w="6" rect_x="624" rect_y="0" width="6" >
  </QuadChar>
  <QuadChar id="196" offset_x="0" offset_y="0" rect_h="11" rect_w="6" rect_x="631" rect_y="0" width="6" >
  </QuadChar>
  <QuadChar id="197" offset_x="0" offset_y="0" rect_h="11" rect_w="6" rect_x="638" rect_y="0" width="6" >
  </QuadChar>
  <QuadChar id="199" offset_x="0" offset_y="0" rect_h="11" rect_w="6" rect_x="645" rect_y="0" width="6" >
  </QuadChar>
  <QuadChar id="200" offset_x="0" offset_y="0" rect_h="11" rect_w="6" rect_x="652" rect_y="0" width="6" >
  </QuadChar>
  <QuadChar id="201" offset_x="0" offset_y="0" rect_h="11" rect_w="6" rect_x="659" rect_y="0" width="6" >
  </QuadChar>
  <QuadChar id="202" offset_x="0" offset_y="0" rect_h="11" rect_w="6" rect_x="666" rect_y="0" width="6" >
  </QuadChar>
  <QuadChar id="203" offset_x="0" offset_y="0" rect_h="11" rect_w="6" rect_x="673" rect_y="0" width="6" >
  </QuadChar>
  <QuadChar id="204" offset_x="0" offset_y="0" rect_h="11" rect_w="3" rect_x="680" rect_y="0" width="3" >
  </QuadChar>
  <QuadChar id="205" offset_x="0" offset_y="0" rect_h="11" rect_w="5" rect_x="684" rect_y="0" width="5" >
  </QuadChar>
  <QuadChar id="206" offset_x="0" offset_y="0" rect_h="11" rect_w="5" rect_x="690" rect_y="0" width="5" >
  </QuadChar>
  <QuadChar id="207" offset_x="0" offset_y="0" rect_h="11" rect_w="5" rect_x="696" rect_y="0" width="5" >
  </QuadChar>
  <QuadChar id="209" offset_x="0" offset_y="0" rect_h="11" rect_w="6" rect_x="702" rect_y="0" width="6" >
  </QuadChar>
  <QuadChar id="211" offset_x="0" offset_y="0" rect_h="11" rect_w="6" rect_x="709" rect_y="0" width="6" >
  </QuadChar>
  <QuadChar id="212" offset_x="0" offset_y="0" rect_h="11" rect_w="6" rect_x="716" rect_y="0" width="6" >
  </QuadChar>
  <QuadChar id="213" offset_x="0" offset_y="0" rect_h="11" rect_w="6" rect_x="723" rect_y="0" width="6" >
  </QuadChar>
  <QuadChar id="214" offset_x="0" offset_y="0" rect_h="11" rect_w="6" rect_x="730" rect_y="0" width="6" >
  </QuadChar>
  <QuadChar id="216" offset_x="0" offset_y="0" rect_h="11" rect_w="6" rect_x="737" rect_y="0" width="6" >
  </QuadChar>
  <QuadChar id="217" offset_x="0" offset_y="0" rect_h="11" rect_w="6" rect_x="744" rect_y="0" width="6" >
  </QuadChar>
  <QuadChar id="218" offset_x="0" offset_y="0" rect_h="11" rect_w="6" rect_x="751" rect_y="0" width="6" >
  </QuadChar>
  <QuadChar id="219" offset_x="0" offset_y="0" rect_h="11" rect_w="6" rect_x="758" rect_y="0" width="6" >
  </QuadChar>
  <QuadChar id="220" offset_x="0" offset_y="0" rect_h="11" rect_w="6" rect_x="765" rect_y="0" width="6" >
  </QuadChar>
  <QuadChar id="223" offset_x="0" offset_y="0" rect_h="11" rect_w="6" rect_x="772" rect_y="0" width="6" >
  </QuadChar>
  <QuadChar id="224" offset_x="0" offset_y="0" rect_h="11" rect_w="4" rect_x="779" rect_y="0" width="4" >
  </QuadChar>
  <QuadChar id="225" offset_x="0" offset_y="0" rect_h="11" rect_w="4" rect_x="784" rect_y="0" width="4" >
  </QuadChar>
  <QuadChar id="226" offset_x="0" offset_y="0" rect_h="11" rect_w="4" rect_x="789" rect_y="0" width="4" >
  </QuadChar>
  <QuadChar id="227" offset_x="0" offset_y="0" rect_h="11" rect_w="4" rect_x="794" rect_y="0" width="4" >
  </QuadChar>
  <QuadChar id="228" offset_x="0" offset_y="0" rect_h="11" rect_w="4" rect_x="799" rect_y="0" width="4" >
  </QuadChar>
  <QuadChar id="229" offset_x="0" offset_y="0" rect_h="11" rect_w="4" rect_x="804" rect_y="0" width="4" >
  </QuadChar>
  <QuadChar id="231" offset_x="0" offset_y="0" rect_h="11" rect_w="4" rect_x="809" rect_y="0" width="4" >
  </QuadChar>
  <QuadChar id="232" offset_x="0" offset_y="0" rect_h="11" rect_w="4" rect_x="814" rect_y="0" width="4" >
  </QuadChar>
  <QuadChar id="233" offset_x="0" offset_y="0" rect_h="11" rect_w="4" rect_x="819" rect_y="0" width="4" >
  </QuadChar>
  <QuadChar id="234" offset_x="0" offset_y="0" rect_h="11" rect_w="4" rect_x="824" rect_y="0" width="4" >
  </QuadChar>
  <QuadChar id="235" offset_x="0" offset_y="0" rect_h="11" rect_w="4" rect_x="829" rect_y="0" width="4" >
  </QuadChar>
  <QuadChar id="236" offset_x="0" offset_y="0" rect_h="11" rect_w="3" rect_x="834" rect_y="0" width="3" >
  </QuadChar>
  <QuadChar id="237" offset_x="0" offset_y="0" rect_h="11" rect_w="3" rect_x="838" rect_y="0" width="3" >
  </QuadChar>
  <QuadChar id="238" offset_x="0" offset_y="0" rect_h="11" rect_w="4" rect_x="842" rect_y="0" width="4" >
  </QuadChar>
  <QuadChar id="239" offset_x="0" offset_y="0" rect_h="11" rect_w="4" rect_x="847" rect_y="0" width="4" >
  </QuadChar>
  <QuadChar id="241" offset_x="0" offset_y="0" rect_h="11" rect_w="5" rect_x="852" rect_y="0" width="5" >
  </QuadChar>
  <QuadChar id="243" offset_x="0" offset_y="0" rect_h="11" rect_w="4" rect_x="858" rect_y="0" width="4" >
  </QuadChar>
  <QuadChar id="244" offset_x="0" offset_y="0" rect_h="11" rect_w="4" rect_x="863" rect_y="0" width="4" >
  </QuadChar>
  <QuadChar id="245" offset_x="0" offset_y="0" rect_h="11" rect_w="4" rect_x="868" rect_y="0" width="4" >
  </QuadChar>
  <QuadChar id="246" offset_x="0" offset_y="0" rect_h="11" rect_w="4" rect_x="873" rect_y="0" width="4" >
  </QuadChar>
  <QuadChar id="248" offset_x="0" offset_y="0" rect_h="11" rect_w="6" rect_x="878" rect_y="0" width="6" >
  </QuadChar>
  <QuadChar id="249" offset_x="0" offset_y="0" rect_h="11" rect_w="4" rect_x="885" rect_y="0" width="4" >
  </QuadChar>
  <QuadChar id="250" offset_x="0" offset_y="0" rect_h="11" rect_w="4" rect_x="890" rect_y="0" width="4" >
  </QuadChar>
  <QuadChar id="251" offset_x="0" offset_y="0" rect_h="11" rect_w="4" rect_x="895" rect_y="0" width="4" >
  </QuadChar>
  <QuadChar id="252" offset_x="0" offset_y="0" rect_h="11" rect_w="4" rect_x="900" rect_y="0" width="4" >
  </QuadChar>
  <QuadChar id="260" offset_x="0" offset_y="0" rect_h="11" rect_w="6" rect_x="905" rect_y="0" width="6" >
  </QuadChar>
  <QuadChar id="261" offset_x="0" offset_y="0" rect_h="11" rect_w="5" rect_x="912" rect_y="0" width="5" >
  </QuadChar>
  <QuadChar id="262" offset_x="0" offset_y="0" rect_h="11" rect_w="6" rect_x="918" rect_y="0" width="6" >
  </QuadChar>
  <QuadChar id="263" offset_x="0" offset_y="0" rect_h="11" rect_w="4" rect_x="925" rect_y="0" width="4" >
  </QuadChar>
  <QuadChar id="280" offset_x="0" offset_y="0" rect_h="11" rect_w="5" rect_x="930" rect_y="0" width="5" >
  </QuadChar>
  <QuadChar id="281" offset_x="0" offset_y="0" rect_h="11" rect_w="4" rect_x="936" rect_y="0" width="4" >
  </QuadChar>
  <QuadChar id="321" offset_x="0" offset_y="0" rect_h="11" rect_w="6" rect_x="941" rect_y="0" width="6" >
  </QuadChar>
  <QuadChar id="322" offset_x="0" offset_y="0" rect_h="11" rect_w="4" rect_x="948" rect_y="0" width="4" >
  </QuadChar>
  <QuadChar id="323" offset_x="0" offset_y="0" rect_h="11" rect_w="6" rect_x="953" rect_y="0" width="6" >
  </QuadChar>
  <QuadChar id="324" offset_x="0" offset_y="0" rect_h="11" rect_w="4" rect_x="960" rect_y="0" width="4" >
  </QuadChar>
  <QuadChar id="338" offset_x="0" offset_y="0" rect_h="11" rect_w="6" rect_x="965" rect_y="0" width="6" >
  </QuadChar>
  <QuadChar id="339" offset_x="0" offset_y="0" rect_h="11" rect_w="6" rect_x="972" rect_y="0" width="6" >
  </QuadChar>
  <QuadChar id="346" offset_x="0" offset_y="0" rect_h="11" rect_w="6" rect_x="979" rect_y="0" width="6" >
  </QuadChar>
  <QuadChar id="347" offset_x="0" offset_y="0" rect_h="11" rect_w="4" rect_x="986" rect_y="0" width="4" >
  </QuadChar>
  <QuadChar id="377" offset_x="0" offset_y="0" rect_h="11" rect_w="6" rect_x="991" rect_y="0" width="6" >
  </QuadChar>
  <QuadChar id="378" offset_x="0" offset_y="0" rect_h="11" rect_w="4" rect_x="998" rect_y="0" width="4" >
  </QuadChar>
  <QuadChar id="379" offset_x="0" offset_y="0" rect_h="11" rect_w="6" rect_x="1003" rect_y="0" width="6" >
  </QuadChar>
  <QuadChar id="380" offset_x="0" offset_y="0" rect_h="11" rect_w="4" rect_x="1010" rect_y="0" width="4" >
  </QuadChar>
  <QuadChar id="1108" offset_x="0" offset_y="0" rect_h="11" rect_w="4" rect_x="1490" rect_y="0" width="4" >
  </QuadChar>
  <QuadChar id="1110" offset_x="0" offset_y="0" rect_h="11" rect_w="2" rect_x="460" rect_y="0" width="2" >
  </QuadChar>
  <QuadChar id="1111" offset_x="0" offset_y="0" rect_h="11" rect_w="4" rect_x="1495" rect_y="0" width="4" >
  </QuadChar>
  <QuadChar id="1025" offset_x="0" offset_y="0" rect_h="11" rect_w="6" rect_x="1015" rect_y="0" width="6" >
  </QuadChar>
  <QuadChar id="1028" offset_x="0" offset_y="0" rect_h="11" rect_w="6" rect_x="1483" rect_y="0" width="6" >
  </QuadChar>
  <QuadChar id="1030" offset_x="0" offset_y="0" rect_h="11" rect_w="5" rect_x="258" rect_y="0" width="5" >
  </QuadChar>
  <QuadChar id="1031" offset_x="0" offset_y="0" rect_h="11" rect_w="5" rect_x="696" rect_y="0" width="5" >
  </QuadChar>
  <QuadChar id="1040" offset_x="0" offset_y="0" rect_h="11" rect_w="6" rect_x="1022" rect_y="0" width="6" >
  </QuadChar>
  <QuadChar id="1041" offset_x="0" offset_y="0" rect_h="11" rect_w="6" rect_x="1029" rect_y="0" width="6" >
  </QuadChar>
  <QuadChar id="1042" offset_x="0" offset_y="0" rect_h="11" rect_w="6" rect_x="1036" rect_y="0" width="6" >
  </QuadChar>
  <QuadChar id="1043" offset_x="0" offset_y="0" rect_h="11" rect_w="6" rect_x="1043" rect_y="0" width="6" >
  </QuadChar>
  <QuadChar id="1044" offset_x="0" offset_y="0" rect_h="11" rect_w="6" rect_x="1050" rect_y="0" width="6" >
  </QuadChar>
  <QuadChar id="1045" offset_x="0" offset_y="0" rect_h="11" rect_w="6" rect_x="1057" rect_y="0" width="6" >
  </QuadChar>
  <QuadChar id="1046" offset_x="0" offset_y="0" rect_h="11" rect_w="6" rect_x="1064" rect_y="0" width="6" >
  </QuadChar>
  <QuadChar id="1047" offset_x="0" offset_y="0" rect_h="11" rect_w="6" rect_x="1071" rect_y="0" width="6" >
  </QuadChar>
  <QuadChar id="1048" offset_x="0" offset_y="0" rect_h="11" rect_w="6" rect_x="1078" rect_y="0" width="6" >
  </QuadChar>
  <QuadChar id="1049" offset_x="0" offset_y="0" rect_h="11" rect_w="6" rect_x="1085" rect_y="0" width="6" >
  </QuadChar>
  <QuadChar id="1050" offset_x="0" offset_y="0" rect_h="11" rect_w="6" rect_x="1092" rect_y="0" width="6" >
  </QuadChar>
  <QuadChar id="1051" offset_x="0" offset_y="0" rect_h="11" rect_w="6" rect_x="1099" rect_y="0" width="6" >
  </QuadChar>
  <QuadChar id="1052" offset_x="0" offset_y="0" rect_h="11" rect_w="6" rect_x="1106" rect_y="0" width="6" >
  </QuadChar>
  <QuadChar id="1053" offset_x="0" offset_y="0" rect_h="11" rect_w="6" rect_x="1113" rect_y="0" width="6" >
  </QuadChar>
  <QuadChar id="1054" offset_x="0" offset_y="0" rect_h="11" rect_w="6" rect_x="1120" rect_y="0" width="6" >
  </QuadChar>
  <QuadChar id="1055" offset_x="0" offset_y="0" rect_h="11" rect_w="6" rect_x="1127" rect_y="0" width="6" >
  </QuadChar>
  <QuadChar id="1056" offset_x="0" offset_y="0" rect_h="11" rect_w="6" rect_x="1134" rect_y="0" width="6" >
  </QuadChar>
  <QuadChar id="1057" offset_x="0" offset_y="0" rect_h="11" rect_w="6" rect_x="1141" rect_y="0" width="6" >
  </QuadChar>
  <QuadChar id="1058" offset_x="0" offset_y="0" rect_h="11" rect_w="6" rect_x="1148" rect_y="0" width="6" >
  </QuadChar>
  <QuadChar id="1059" offset_x="0" offset_y="0" rect_h="11" rect_w="6" rect_x="1155" rect_y="0" width="6" >
  </QuadChar>
  <QuadChar id="1060" offset_x="0" offset_y="0" rect_h="11" rect_w="6" rect_x="1162" rect_y="0" width="6" >
  </QuadChar>
  <QuadChar id="1061" offset_x="0" offset_y="0" rect_h="11" rect_w="6" rect_x="1169" rect_y="0" width="6" >
  </QuadChar>
  <QuadChar id="1062" offset_x="0" offset_y="0" rect_h="11" rect_w="6" rect_x="1176" rect_y="0" width="6" >
  </QuadChar>
  <QuadChar id="1063" offset_x="0" offset_y="0" rect_h="11" rect_w="6" rect_x="1183" rect_y="0" width="6" >
  </QuadChar>
  <QuadChar id="1064" offset_x="0" offset_y="0" rect_h="11" rect_w="6" rect_x="1190" rect_y="0" width="6" >
  </QuadChar>
  <QuadChar id="1065" offset_x="0" offset_y="0" rect_h="11" rect_w="6" rect_x="1197" rect_y="0" width="6" >
  </QuadChar>
  <QuadChar id="1066" offset_x="0" offset_y="0" rect_h="11" rect_w="6" rect_x="1204" rect_y="0" width="6" >
  </QuadChar>
  <QuadChar id="1067" offset_x="0" offset_y="0" rect_h="11" rect_w="6" rect_x="1211" rect_y="0" width="6" >
  </QuadChar>
  <QuadChar id="1068" offset_x="0" offset_y="0" rect_h="11" rect_w="5" rect_x="1218" rect_y="0" width="5" >
  </QuadChar>
  <QuadChar id="1069" offset_x="0" offset_y="0" rect_h="11" rect_w="6" rect_x="1224" rect_y="0" width="6" >
  </QuadChar>
  <QuadChar id="1070" offset_x="0" offset_y="0" rect_h="11" rect_w="6" rect_x="1231" rect_y="0" width="6" >
  </QuadChar>
  <QuadChar id="1071" offset_x="0" offset_y="0" rect_h="11" rect_w="6" rect_x="1238" rect_y="0" width="6" >
  </QuadChar>
  <QuadChar id="1072" offset_x="0" offset_y="0" rect_h="11" rect_w="4" rect_x="1245" rect_y="0" width="4" >
  </QuadChar>
  <QuadChar id="1073" offset_x="0" offset_y="0" rect_h="11" rect_w="4" rect_x="1250" rect_y="0" width="4" >
  </QuadChar>
  <QuadChar id="1074" offset_x="0" offset_y="0" rect_h="11" rect_w="4" rect_x="1255" rect_y="0" width="4" >
  </QuadChar>
  <QuadChar id="1075" offset_x="0" offset_y="0" rect_h="11" rect_w="4" rect_x="1260" rect_y="0" width="4" >
  </QuadChar>
  <QuadChar id="1076" offset_x="0" offset_y="0" rect_h="11" rect_w="5" rect_x="1265" rect_y="0" width="5" >
  </QuadChar>
  <QuadChar id="1077" offset_x="0" offset_y="0" rect_h="11" rect_w="4" rect_x="1271" rect_y="0" width="4" >
  </QuadChar>
  <QuadChar id="1078" offset_x="0" offset_y="0" rect_h="11" rect_w="6" rect_x="1276" rect_y="0" width="6" >
  </QuadChar>
  <QuadChar id="1079" offset_x="0" offset_y="0" rect_h="11" rect_w="4" rect_x="1283" rect_y="0" width="4" >
  </QuadChar>
  <QuadChar id="1080" offset_x="0" offset_y="0" rect_h="11" rect_w="6" rect_x="1288" rect_y="0" width="6" >
  </QuadChar>
  <QuadChar id="1081" offset_x="0" offset_y="0" rect_h="11" rect_w="6" rect_x="1295" rect_y="0" width="6" >
  </QuadChar>
  <QuadChar id="1082" offset_x="0" offset_y="0" rect_h="11" rect_w="4" rect_x="1302" rect_y="0" width="4" >
  </QuadChar>
  <QuadChar id="1083" offset_x="0" offset_y="0" rect_h="11" rect_w="5" rect_x="1307" rect_y="0" width="5" >
  </QuadChar>
  <QuadChar id="1084" offset_x="0" offset_y="0" rect_h="11" rect_w="6" rect_x="1313" rect_y="0" width="6" >
  </QuadChar>
  <QuadChar id="1085" offset_x="0" offset_y="0" rect_h="11" rect_w="4" rect_x="1320" rect_y="0" width="4" >
  </QuadChar>
  <QuadChar id="1086" offset_x="0" offset_y="0" rect_h="11" rect_w="4" rect_x="1325" rect_y="0" width="4" >
  </QuadChar>
  <QuadChar id="1087" offset_x="0" offset_y="0" rect_h="11" rect_w="4" rect_x="1330" rect_y="0" width="4" >
  </QuadChar>
  <QuadChar id="1088" offset_x="0" offset_y="0" rect_h="11" rect_w="4" rect_x="1335" rect_y="0" width="4" >
  </QuadChar>
  <QuadChar id="1089" offset_x="0" offset_y="0" rect_h="11" rect_w="4" rect_x="1340" rect_y="0" width="4" >
  </QuadChar>
  <QuadChar id="1090" offset_x="0" offset_y="0" rect_h="11" rect_w="4" rect_x="1345" rect_y="0" width="4" >
  </QuadChar>
  <QuadChar id="1091" offset_x="0" offset_y="0" rect_h="11" rect_w="4" rect_x="1350" rect_y="0" width="4" >
  </QuadChar>
  <QuadChar id="1092" offset_x="0" offset_y="0" rect_h="11" rect_w="6" rect_x="1355" rect_y="0" width="6" >
  </QuadChar>
  <QuadChar id="1093" offset_x="0" offset_y="0" rect_h="11" rect_w="4" rect_x="1362" rect_y="0" width="4" >
  </QuadChar>
  <QuadChar id="1094" offset_x="0" offset_y="0" rect_h="11" rect_w="5" rect_x="1367" rect_y="0" width="5" >
  </QuadChar>
  <QuadChar id="1095" offset_x="0" offset_y="0" rect_h="11" rect_w="4" rect_x="1372" rect_y="0" width="4" >
  </QuadChar>
  <QuadChar id="1096" offset_x="0" offset_y="0" rect_h="11" rect_w="6" rect_x="1377" rect_y="0" width="6" >
  </QuadChar>
  <QuadChar id="1097" offset_x="0" offset_y="0" rect_h="11" rect_w="6" rect_x="1384" rect_y="0" width="6" >
  </QuadChar>
  <QuadChar id="1098" offset_x="0" offset_y="0" rect_h="11" rect_w="5" rect_x="1391" rect_y="0" width="5" >
  </QuadChar>
  <QuadChar id="1099" offset_x="0" offset_y="0" rect_h="11" rect_w="6" rect_x="1397" rect_y="0" width="6" >
  </QuadChar>
  <QuadChar id="1100" offset_x="0" offset_y="0" rect_h="11" rect_w="4" rect_x="1404" rect_y="0" width="4" >
  </QuadChar>
  <QuadChar id="1101" offset_x="0" offset_y="0" rect_h="11" rect_w="4" rect_x="1409" rect_y="0" width="4" >
  </QuadChar>
  <QuadChar id="1102" offset_x="0" offset_y="0" rect_h="11" rect_w="6" rect_x="1414" rect_y="0" width="6" >
  </QuadChar>
  <QuadChar id="1103" offset_x="0" offset_y="0" rect_h="11" rect_w="6" rect_x="1421" rect_y="0" width="6" >
  </QuadChar>
  <QuadChar id="1105" offset_x="0" offset_y="0" rect_h="11" rect_w="4" rect_x="1428" rect_y="0" width="4" >
  </QuadChar>
  <QuadChar id="1168" offset_x="0" offset_y="0" rect_h="11" rect_w="6" rect_x="1500" rect_y="0" width="6" >
  </QuadChar>
  <QuadChar id="1169" offset_x="0" offset_y="0" rect_h="11" rect_w="4" rect_x="1507" rect_y="0" width="4" >
  </QuadChar>
  <QuadChar id="8211" offset_x="0" offset_y="0" rect_h="11" rect_w="6" rect_x="1433" rect_y="0" width="6" >
  </QuadChar>
  <QuadChar id="8212" offset_x="0" offset_y="0" rect_h="11" rect_w="6" rect_x="1440" rect_y="0" width="6" >
  </QuadChar>
  <QuadChar id="8217" offset_x="0" offset_y="0" rect_h="11" rect_w="2" rect_x="1447" rect_y="0" width="2" >
  </QuadChar>
  <QuadChar id="8220" offset_x="0" offset_y="0" rect_h="11" rect_w="4" rect_x="1450" rect_y="0" width="4" >
  </QuadChar>
  <QuadChar id="8221" offset_x="0" offset_y="0" rect_h="11" rect_w="4" rect_x="1455" rect_y="0" width="4" >
  </QuadChar>
  <QuadChar id="8222" offset_x="0" offset_y="0" rect_h="11" rect_w="4" rect_x="1460" rect_y="0" width="4" >
  </QuadChar>
  <QuadChar id="8230" offset_x="0" offset_y="0" rect_h="11" rect_w="6" rect_x="1465" rect_y="0" width="6" >
  </QuadChar>
  <QuadChar id="8734" offset_x="0" offset_y="0" rect_h="11" rect_w="10" rect_x="1472" rect_y="0" width="10" >
  </QuadChar>
</FontData>
