<FontData>
  <Texture>
    ../../workshop/content/881100/2921365704/fonts/font_pixel_big.png <!-- treba redağuvaty -->
  </Texture>
  <LineHeight>
    7
  </LineHeight>
  <CharSpace>
    0
  </CharSpace>
  <WordSpace>
    6
  </WordSpace>
  <QuadChar id="32" offset_x="0" offset_y="0" rect_h="11" rect_w="3" rect_x="0" rect_y="0" width="3" >
  </QuadChar>
  <QuadChar id="33" offset_x="0" offset_y="0" rect_h="11" rect_w="3" rect_x="4" rect_y="0" width="3" >
  </QuadChar>
  <QuadChar id="34" offset_x="0" offset_y="0" rect_h="11" rect_w="4" rect_x="8" rect_y="0" width="4" >
  </QuadChar>
  <QuadChar id="35" offset_x="0" offset_y="0" rect_h="11" rect_w="6" rect_x="13" rect_y="0" width="6" >
  </QuadChar>
  <QuadChar id="36" offset_x="0" offset_y="0" rect_h="11" rect_w="6" rect_x="20" rect_y="0" width="6" >
  </QuadChar>
  <QuadChar id="37" offset_x="0" offset_y="0" rect_h="11" rect_w="6" rect_x="27" rect_y="0" width="6" >
  </QuadChar>
  <QuadChar id="38" offset_x="0" offset_y="0" rect_h="11" rect_w="6" rect_x="34" rect_y="0" width="6" >
  </QuadChar>
  <QuadChar id="39" offset_x="0" offset_y="0" rect_h="11" rect_w="2" rect_x="41" rect_y="0" width="2" >
  </QuadChar>
  <QuadChar id="40" offset_x="0" offset_y="0" rect_h="11" rect_w="6" rect_x="44" rect_y="0" width="6" >
  </QuadChar>
  <QuadChar id="41" offset_x="0" offset_y="0" rect_h="11" rect_w="6" rect_x="51" rect_y="0" width="6" >
  </QuadChar>
  <QuadChar id="42" offset_x="0" offset_y="0" rect_h="11" rect_w="6" rect_x="58" rect_y="0" width="6" >
  </QuadChar>
  <QuadChar id="43" offset_x="0" offset_y="0" rect_h="11" rect_w="6" rect_x="65" rect_y="0" width="6" >
  </QuadChar>
  <QuadChar id="44" offset_x="0" offset_y="0" rect_h="11" rect_w="3" rect_x="72" rect_y="0" width="3" >
  </QuadChar>
  <QuadChar id="45" offset_x="0" offset_y="0" rect_h="11" rect_w="6" rect_x="76" rect_y="0" width="6" >
  </QuadChar>
  <QuadChar id="46" offset_x="0" offset_y="0" rect_h="11" rect_w="2" rect_x="83" rect_y="0" width="2" >
  </QuadChar>
  <QuadChar id="47" offset_x="0" offset_y="0" rect_h="11" rect_w="6" rect_x="86" rect_y="0" width="6" >
  </QuadChar>
  <QuadChar id="48" offset_x="0" offset_y="0" rect_h="11" rect_w="6" rect_x="93" rect_y="0" width="6" >
  </QuadChar>
  <QuadChar id="49" offset_x="0" offset_y="0" rect_h="11" rect_w="6" rect_x="100" rect_y="0" width="6" >
  </QuadChar>
  <QuadChar id="50" offset_x="0" offset_y="0" rect_h="11" rect_w="6" rect_x="107" rect_y="0" width="6" >
  </QuadChar>
  <QuadChar id="51" offset_x="0" offset_y="0" rect_h="11" rect_w="6" rect_x="114" rect_y="0" width="6" >
  </QuadChar>
  <QuadChar id="52" offset_x="0" offset_y="0" rect_h="11" rect_w="6" rect_x="121" rect_y="0" width="6" >
  </QuadChar>
  <QuadChar id="53" offset_x="0" offset_y="0" rect_h="11" rect_w="6" rect_x="128" rect_y="0" width="6" >
  </QuadChar>
  <QuadChar id="54" offset_x="0" offset_y="0" rect_h="11" rect_w="6" rect_x="135" rect_y="0" width="6" >
  </QuadChar>
  <QuadChar id="55" offset_x="0" offset_y="0" rect_h="11" rect_w="6" rect_x="142" rect_y="0" width="6" >
  </QuadChar>
  <QuadChar id="56" offset_x="0" offset_y="0" rect_h="11" rect_w="6" rect_x="149" rect_y="0" width="6" >
  </QuadChar>
  <QuadChar id="57" offset_x="0" offset_y="0" rect_h="11" rect_w="6" rect_x="156" rect_y="0" width="6" >
  </QuadChar>
  <QuadChar id="58" offset_x="0" offset_y="0" rect_h="11" rect_w="6" rect_x="163" rect_y="0" width="6" >
  </QuadChar>
  <QuadChar id="59" offset_x="0" offset_y="0" rect_h="11" rect_w="6" rect_x="170" rect_y="0" width="6" >
  </QuadChar>
  <QuadChar id="60" offset_x="0" offset_y="0" rect_h="11" rect_w="6" rect_x="177" rect_y="0" width="6" >
  </QuadChar>
  <QuadChar id="61" offset_x="0" offset_y="0" rect_h="11" rect_w="6" rect_x="184" rect_y="0" width="6" >
  </QuadChar>
  <QuadChar id="62" offset_x="0" offset_y="0" rect_h="11" rect_w="6" rect_x="191" rect_y="0" width="6" >
  </QuadChar>
  <QuadChar id="63" offset_x="0" offset_y="0" rect_h="11" rect_w="6" rect_x="198" rect_y="0" width="6" >
  </QuadChar>
  <QuadChar id="64" offset_x="0" offset_y="0" rect_h="11" rect_w="6" rect_x="205" rect_y="0" width="6" >
  </QuadChar>
  <QuadChar id="65" offset_x="0" offset_y="0" rect_h="11" rect_w="6" rect_x="212" rect_y="0" width="6" >
  </QuadChar>
  <QuadChar id="66" offset_x="0" offset_y="0" rect_h="11" rect_w="6" rect_x="219" rect_y="0" width="6" >
  </QuadChar>
  <QuadChar id="67" offset_x="0" offset_y="0" rect_h="11" rect_w="6" rect_x="226" rect_y="0" width="6" >
  </QuadChar>
  <QuadChar id="68" offset_x="0" offset_y="0" rect_h="11" rect_w="6" rect_x="233" rect_y="0" width="6" >
  </QuadChar>
  <QuadChar id="69" offset_x="0" offset_y="0" rect_h="11" rect_w="6" rect_x="240" rect_y="0" width="6" >
  </QuadChar>
  <QuadChar id="70" offset_x="0" offset_y="0" rect_h="11" rect_w="5" rect_x="247" rect_y="0" width="5" >
  </QuadChar>
  <QuadChar id="71" offset_x="0" offset_y="0" rect_h="11" rect_w="6" rect_x="253" rect_y="0" width="6" >
  </QuadChar>
  <QuadChar id="72" offset_x="0" offset_y="0" rect_h="11" rect_w="6" rect_x="260" rect_y="0" width="6" >
  </QuadChar>
  <QuadChar id="73" offset_x="0" offset_y="0" rect_h="11" rect_w="5" rect_x="267" rect_y="0" width="5" >
  </QuadChar>
  <QuadChar id="74" offset_x="0" offset_y="0" rect_h="11" rect_w="6" rect_x="273" rect_y="0" width="6" >
  </QuadChar>
  <QuadChar id="75" offset_x="0" offset_y="0" rect_h="11" rect_w="6" rect_x="280" rect_y="0" width="6" >
  </QuadChar>
  <QuadChar id="76" offset_x="0" offset_y="0" rect_h="11" rect_w="6" rect_x="287" rect_y="0" width="6" >
  </QuadChar>
  <QuadChar id="77" offset_x="0" offset_y="0" rect_h="11" rect_w="6" rect_x="294" rect_y="0" width="6" >
  </QuadChar>
  <QuadChar id="78" offset_x="0" offset_y="0" rect_h="11" rect_w="6" rect_x="301" rect_y="0" width="6" >
  </QuadChar>
  <QuadChar id="79" offset_x="0" offset_y="0" rect_h="11" rect_w="6" rect_x="308" rect_y="0" width="6" >
  </QuadChar>
  <QuadChar id="80" offset_x="0" offset_y="0" rect_h="11" rect_w="6" rect_x="315" rect_y="0" width="6" >
  </QuadChar>
  <QuadChar id="81" offset_x="0" offset_y="0" rect_h="11" rect_w="6" rect_x="322" rect_y="0" width="6" >
  </QuadChar>
  <QuadChar id="82" offset_x="0" offset_y="0" rect_h="11" rect_w="6" rect_x="329" rect_y="0" width="6" >
  </QuadChar>
  <QuadChar id="83" offset_x="0" offset_y="0" rect_h="11" rect_w="6" rect_x="336" rect_y="0" width="6" >
  </QuadChar>
  <QuadChar id="84" offset_x="0" offset_y="0" rect_h="11" rect_w="6" rect_x="343" rect_y="0" width="6" >
  </QuadChar>
  <QuadChar id="85" offset_x="0" offset_y="0" rect_h="11" rect_w="6" rect_x="350" rect_y="0" width="6" >
  </QuadChar>
  <QuadChar id="86" offset_x="0" offset_y="0" rect_h="11" rect_w="6" rect_x="357" rect_y="0" width="6" >
  </QuadChar>
  <QuadChar id="87" offset_x="0" offset_y="0" rect_h="11" rect_w="6" rect_x="364" rect_y="0" width="6" >
  </QuadChar>
  <QuadChar id="88" offset_x="0" offset_y="0" rect_h="11" rect_w="6" rect_x="371" rect_y="0" width="6" >
  </QuadChar>
  <QuadChar id="89" offset_x="0" offset_y="0" rect_h="11" rect_w="6" rect_x="378" rect_y="0" width="6" >
  </QuadChar>
  <QuadChar id="90" offset_x="0" offset_y="0" rect_h="11" rect_w="6" rect_x="385" rect_y="0" width="6" >
  </QuadChar>
  <QuadChar id="91" offset_x="0" offset_y="0" rect_h="11" rect_w="6" rect_x="392" rect_y="0" width="6" >
  </QuadChar>
  <QuadChar id="92" offset_x="0" offset_y="0" rect_h="11" rect_w="6" rect_x="399" rect_y="0" width="6" >
  </QuadChar>
  <QuadChar id="93" offset_x="0" offset_y="0" rect_h="11" rect_w="6" rect_x="406" rect_y="0" width="6" >
  </QuadChar>
  <QuadChar id="94" offset_x="0" offset_y="0" rect_h="11" rect_w="6" rect_x="413" rect_y="0" width="6" >
  </QuadChar>
  <QuadChar id="95" offset_x="0" offset_y="0" rect_h="11" rect_w="6" rect_x="420" rect_y="0" width="6" >
  </QuadChar>
  <QuadChar id="96" offset_x="0" offset_y="0" rect_h="11" rect_w="3" rect_x="427" rect_y="0" width="3" >
  </QuadChar>
  <QuadChar id="97" offset_x="0" offset_y="0" rect_h="11" rect_w="6" rect_x="431" rect_y="0" width="6" >
  </QuadChar>
  <QuadChar id="98" offset_x="0" offset_y="0" rect_h="11" rect_w="6" rect_x="438" rect_y="0" width="6" >
  </QuadChar>
  <QuadChar id="99" offset_x="0" offset_y="0" rect_h="11" rect_w="6" rect_x="445" rect_y="0" width="6" >
  </QuadChar>
  <QuadChar id="100" offset_x="0" offset_y="0" rect_h="11" rect_w="6" rect_x="452" rect_y="0" width="6" >
  </QuadChar>
  <QuadChar id="101" offset_x="0" offset_y="0" rect_h="11" rect_w="6" rect_x="459" rect_y="0" width="6" >
  </QuadChar>
  <QuadChar id="102" offset_x="0" offset_y="0" rect_h="11" rect_w="6" rect_x="466" rect_y="0" width="6" >
  </QuadChar>
  <QuadChar id="103" offset_x="0" offset_y="0" rect_h="11" rect_w="6" rect_x="473" rect_y="0" width="6" >
  </QuadChar>
  <QuadChar id="104" offset_x="0" offset_y="0" rect_h="11" rect_w="6" rect_x="480" rect_y="0" width="6" >
  </QuadChar>
  <QuadChar id="105" offset_x="0" offset_y="0" rect_h="11" rect_w="5" rect_x="487" rect_y="0" width="5" >
  </QuadChar>
  <QuadChar id="106" offset_x="0" offset_y="0" rect_h="11" rect_w="6" rect_x="493" rect_y="0" width="6" >
  </QuadChar>
  <QuadChar id="107" offset_x="0" offset_y="0" rect_h="11" rect_w="6" rect_x="500" rect_y="0" width="6" >
  </QuadChar>
  <QuadChar id="108" offset_x="0" offset_y="0" rect_h="11" rect_w="6" rect_x="507" rect_y="0" width="6" >
  </QuadChar>
  <QuadChar id="109" offset_x="0" offset_y="0" rect_h="11" rect_w="6" rect_x="514" rect_y="0" width="6" >
  </QuadChar>
  <QuadChar id="110" offset_x="0" offset_y="0" rect_h="11" rect_w="6" rect_x="521" rect_y="0" width="6" >
  </QuadChar>
  <QuadChar id="111" offset_x="0" offset_y="0" rect_h="11" rect_w="6" rect_x="528" rect_y="0" width="6" >
  </QuadChar>
  <QuadChar id="112" offset_x="0" offset_y="0" rect_h="11" rect_w="6" rect_x="535" rect_y="0" width="6" >
  </QuadChar>
  <QuadChar id="113" offset_x="0" offset_y="0" rect_h="11" rect_w="6" rect_x="542" rect_y="0" width="6" >
  </QuadChar>
  <QuadChar id="114" offset_x="0" offset_y="0" rect_h="11" rect_w="6" rect_x="549" rect_y="0" width="6" >
  </QuadChar>
  <QuadChar id="115" offset_x="0" offset_y="0" rect_h="11" rect_w="6" rect_x="556" rect_y="0" width="6" >
  </QuadChar>
  <QuadChar id="116" offset_x="0" offset_y="0" rect_h="11" rect_w="6" rect_x="563" rect_y="0" width="6" >
  </QuadChar>
  <QuadChar id="117" offset_x="0" offset_y="0" rect_h="11" rect_w="6" rect_x="570" rect_y="0" width="6" >
  </QuadChar>
  <QuadChar id="118" offset_x="0" offset_y="0" rect_h="11" rect_w="6" rect_x="577" rect_y="0" width="6" >
  </QuadChar>
  <QuadChar id="119" offset_x="0" offset_y="0" rect_h="11" rect_w="6" rect_x="584" rect_y="0" width="6" >
  </QuadChar>
  <QuadChar id="120" offset_x="0" offset_y="0" rect_h="11" rect_w="6" rect_x="591" rect_y="0" width="6" >
  </QuadChar>
  <QuadChar id="121" offset_x="0" offset_y="0" rect_h="11" rect_w="6" rect_x="598" rect_y="0" width="6" >
  </QuadChar>
  <QuadChar id="122" offset_x="0" offset_y="0" rect_h="11" rect_w="6" rect_x="605" rect_y="0" width="6" >
  </QuadChar>
  <QuadChar id="124" offset_x="0" offset_y="0" rect_h="11" rect_w="6" rect_x="612" rect_y="0" width="6" >
  </QuadChar>
  <QuadChar id="126" offset_x="0" offset_y="0" rect_h="11" rect_w="6" rect_x="619" rect_y="0" width="6" >
  </QuadChar>
  <QuadChar id="161" offset_x="0" offset_y="0" rect_h="11" rect_w="3" rect_x="626" rect_y="0" width="3" >
  </QuadChar>
  <QuadChar id="169" offset_x="0" offset_y="0" rect_h="11" rect_w="7" rect_x="630" rect_y="0" width="7" >
  </QuadChar>
  <QuadChar id="171" offset_x="0" offset_y="0" rect_h="11" rect_w="6" rect_x="638" rect_y="0" width="6" >
  </QuadChar>
  <QuadChar id="172" offset_x="0" offset_y="0" rect_h="11" rect_w="6" rect_x="645" rect_y="0" width="6" >
  </QuadChar>
  <QuadChar id="187" offset_x="0" offset_y="0" rect_h="11" rect_w="6" rect_x="652" rect_y="0" width="6" >
  </QuadChar>
  <QuadChar id="191" offset_x="0" offset_y="0" rect_h="11" rect_w="5" rect_x="659" rect_y="0" width="5" >
  </QuadChar>
  <QuadChar id="192" offset_x="0" offset_y="0" rect_h="11" rect_w="6" rect_x="665" rect_y="0" width="6" >
  </QuadChar>
  <QuadChar id="193" offset_x="0" offset_y="0" rect_h="11" rect_w="6" rect_x="672" rect_y="0" width="6" >
  </QuadChar>
  <QuadChar id="194" offset_x="0" offset_y="0" rect_h="11" rect_w="6" rect_x="679" rect_y="0" width="6" >
  </QuadChar>
  <QuadChar id="195" offset_x="0" offset_y="0" rect_h="11" rect_w="6" rect_x="686" rect_y="0" width="6" >
  </QuadChar>
  <QuadChar id="196" offset_x="0" offset_y="0" rect_h="11" rect_w="6" rect_x="693" rect_y="0" width="6" >
  </QuadChar>
  <QuadChar id="197" offset_x="0" offset_y="0" rect_h="11" rect_w="6" rect_x="700" rect_y="0" width="6" >
  </QuadChar>
  <QuadChar id="199" offset_x="0" offset_y="0" rect_h="11" rect_w="6" rect_x="707" rect_y="0" width="6" >
  </QuadChar>
  <QuadChar id="200" offset_x="0" offset_y="0" rect_h="11" rect_w="6" rect_x="714" rect_y="0" width="6" >
  </QuadChar>
  <QuadChar id="201" offset_x="0" offset_y="0" rect_h="11" rect_w="6" rect_x="721" rect_y="0" width="6" >
  </QuadChar>
  <QuadChar id="202" offset_x="0" offset_y="0" rect_h="11" rect_w="6" rect_x="728" rect_y="0" width="6" >
  </QuadChar>
  <QuadChar id="203" offset_x="0" offset_y="0" rect_h="11" rect_w="6" rect_x="735" rect_y="0" width="6" >
  </QuadChar>
  <QuadChar id="204" offset_x="0" offset_y="0" rect_h="11" rect_w="3" rect_x="742" rect_y="0" width="3" >
  </QuadChar>
  <QuadChar id="205" offset_x="0" offset_y="0" rect_h="11" rect_w="5" rect_x="746" rect_y="0" width="5" >
  </QuadChar>
  <QuadChar id="206" offset_x="0" offset_y="0" rect_h="11" rect_w="5" rect_x="752" rect_y="0" width="5" >
  </QuadChar>
  <QuadChar id="207" offset_x="0" offset_y="0" rect_h="11" rect_w="5" rect_x="758" rect_y="0" width="5" >
  </QuadChar>
  <QuadChar id="209" offset_x="0" offset_y="0" rect_h="11" rect_w="6" rect_x="764" rect_y="0" width="6" >
  </QuadChar>
  <QuadChar id="211" offset_x="0" offset_y="0" rect_h="11" rect_w="6" rect_x="771" rect_y="0" width="6" >
  </QuadChar>
  <QuadChar id="212" offset_x="0" offset_y="0" rect_h="11" rect_w="6" rect_x="778" rect_y="0" width="6" >
  </QuadChar>
  <QuadChar id="213" offset_x="0" offset_y="0" rect_h="11" rect_w="6" rect_x="785" rect_y="0" width="6" >
  </QuadChar>
  <QuadChar id="214" offset_x="0" offset_y="0" rect_h="11" rect_w="6" rect_x="792" rect_y="0" width="6" >
  </QuadChar>
  <QuadChar id="216" offset_x="0" offset_y="0" rect_h="11" rect_w="6" rect_x="799" rect_y="0" width="6" >
  </QuadChar>
  <QuadChar id="217" offset_x="0" offset_y="0" rect_h="11" rect_w="6" rect_x="806" rect_y="0" width="6" >
  </QuadChar>
  <QuadChar id="218" offset_x="0" offset_y="0" rect_h="11" rect_w="6" rect_x="813" rect_y="0" width="6" >
  </QuadChar>
  <QuadChar id="219" offset_x="0" offset_y="0" rect_h="11" rect_w="6" rect_x="820" rect_y="0" width="6" >
  </QuadChar>
  <QuadChar id="220" offset_x="0" offset_y="0" rect_h="11" rect_w="6" rect_x="827" rect_y="0" width="6" >
  </QuadChar>
  <QuadChar id="223" offset_x="0" offset_y="0" rect_h="11" rect_w="6" rect_x="834" rect_y="0" width="6" >
  </QuadChar>
  <QuadChar id="224" offset_x="0" offset_y="0" rect_h="11" rect_w="6" rect_x="841" rect_y="0" width="6" >
  </QuadChar>
  <QuadChar id="225" offset_x="0" offset_y="0" rect_h="11" rect_w="6" rect_x="848" rect_y="0" width="6" >
  </QuadChar>
  <QuadChar id="226" offset_x="0" offset_y="0" rect_h="11" rect_w="6" rect_x="855" rect_y="0" width="6" >
  </QuadChar>
  <QuadChar id="227" offset_x="0" offset_y="0" rect_h="11" rect_w="6" rect_x="862" rect_y="0" width="6" >
  </QuadChar>
  <QuadChar id="228" offset_x="0" offset_y="0" rect_h="11" rect_w="6" rect_x="869" rect_y="0" width="6" >
  </QuadChar>
  <QuadChar id="229" offset_x="0" offset_y="0" rect_h="11" rect_w="6" rect_x="876" rect_y="0" width="6" >
  </QuadChar>
  <QuadChar id="231" offset_x="0" offset_y="0" rect_h="11" rect_w="6" rect_x="883" rect_y="0" width="6" >
  </QuadChar>
  <QuadChar id="232" offset_x="0" offset_y="0" rect_h="11" rect_w="6" rect_x="890" rect_y="0" width="6" >
  </QuadChar>
  <QuadChar id="233" offset_x="0" offset_y="0" rect_h="11" rect_w="6" rect_x="897" rect_y="0" width="6" >
  </QuadChar>
  <QuadChar id="234" offset_x="0" offset_y="0" rect_h="11" rect_w="6" rect_x="904" rect_y="0" width="6" >
  </QuadChar>
  <QuadChar id="235" offset_x="0" offset_y="0" rect_h="11" rect_w="6" rect_x="911" rect_y="0" width="6" >
  </QuadChar>
  <QuadChar id="236" offset_x="0" offset_y="0" rect_h="11" rect_w="3" rect_x="918" rect_y="0" width="3" >
  </QuadChar>
  <QuadChar id="237" offset_x="0" offset_y="0" rect_h="11" rect_w="5" rect_x="922" rect_y="0" width="5" >
  </QuadChar>
  <QuadChar id="238" offset_x="0" offset_y="0" rect_h="11" rect_w="5" rect_x="928" rect_y="0" width="5" >
  </QuadChar>
  <QuadChar id="239" offset_x="0" offset_y="0" rect_h="11" rect_w="5" rect_x="934" rect_y="0" width="5" >
  </QuadChar>
  <QuadChar id="241" offset_x="0" offset_y="0" rect_h="11" rect_w="6" rect_x="940" rect_y="0" width="6" >
  </QuadChar>
  <QuadChar id="243" offset_x="0" offset_y="0" rect_h="11" rect_w="6" rect_x="947" rect_y="0" width="6" >
  </QuadChar>
  <QuadChar id="244" offset_x="0" offset_y="0" rect_h="11" rect_w="6" rect_x="954" rect_y="0" width="6" >
  </QuadChar>
  <QuadChar id="245" offset_x="0" offset_y="0" rect_h="11" rect_w="6" rect_x="961" rect_y="0" width="6" >
  </QuadChar>
  <QuadChar id="246" offset_x="0" offset_y="0" rect_h="11" rect_w="6" rect_x="968" rect_y="0" width="6" >
  </QuadChar>
  <QuadChar id="248" offset_x="0" offset_y="0" rect_h="11" rect_w="6" rect_x="975" rect_y="0" width="6" >
  </QuadChar>
  <QuadChar id="249" offset_x="0" offset_y="0" rect_h="11" rect_w="6" rect_x="982" rect_y="0" width="6" >
  </QuadChar>
  <QuadChar id="250" offset_x="0" offset_y="0" rect_h="11" rect_w="6" rect_x="989" rect_y="0" width="6" >
  </QuadChar>
  <QuadChar id="251" offset_x="0" offset_y="0" rect_h="11" rect_w="6" rect_x="996" rect_y="0" width="6" >
  </QuadChar>
  <QuadChar id="252" offset_x="0" offset_y="0" rect_h="11" rect_w="6" rect_x="1003" rect_y="0" width="6" >
  </QuadChar>
  <QuadChar id="260" offset_x="0" offset_y="0" rect_h="11" rect_w="6" rect_x="1010" rect_y="0" width="6" >
  </QuadChar>
  <QuadChar id="261" offset_x="0" offset_y="0" rect_h="11" rect_w="6" rect_x="1017" rect_y="0" width="6" >
  </QuadChar>
  <QuadChar id="262" offset_x="0" offset_y="0" rect_h="11" rect_w="6" rect_x="1024" rect_y="0" width="6" >
  </QuadChar>
  <QuadChar id="263" offset_x="0" offset_y="0" rect_h="11" rect_w="6" rect_x="1031" rect_y="0" width="6" >
  </QuadChar>
  <QuadChar id="280" offset_x="0" offset_y="0" rect_h="11" rect_w="5" rect_x="1038" rect_y="0" width="5" >
  </QuadChar>
  <QuadChar id="281" offset_x="0" offset_y="0" rect_h="11" rect_w="5" rect_x="1044" rect_y="0" width="5" >
  </QuadChar>
  <QuadChar id="321" offset_x="0" offset_y="0" rect_h="11" rect_w="6" rect_x="1050" rect_y="0" width="6" >
  </QuadChar>
  <QuadChar id="322" offset_x="0" offset_y="0" rect_h="11" rect_w="6" rect_x="1057" rect_y="0" width="6" >
  </QuadChar>
  <QuadChar id="323" offset_x="0" offset_y="0" rect_h="11" rect_w="6" rect_x="1064" rect_y="0" width="6" >
  </QuadChar>
  <QuadChar id="324" offset_x="0" offset_y="0" rect_h="11" rect_w="6" rect_x="1071" rect_y="0" width="6" >
  </QuadChar>
  <QuadChar id="338" offset_x="0" offset_y="0" rect_h="11" rect_w="6" rect_x="1078" rect_y="0" width="6" >
  </QuadChar>
  <QuadChar id="339" offset_x="0" offset_y="0" rect_h="11" rect_w="6" rect_x="1085" rect_y="0" width="6" >
  </QuadChar>
  <QuadChar id="346" offset_x="0" offset_y="0" rect_h="11" rect_w="6" rect_x="1092" rect_y="0" width="6" >
  </QuadChar>
  <QuadChar id="347" offset_x="0" offset_y="0" rect_h="11" rect_w="6" rect_x="1099" rect_y="0" width="6" >
  </QuadChar>
  <QuadChar id="377" offset_x="0" offset_y="0" rect_h="11" rect_w="6" rect_x="1106" rect_y="0" width="6" >
  </QuadChar>
  <QuadChar id="378" offset_x="0" offset_y="0" rect_h="11" rect_w="6" rect_x="1113" rect_y="0" width="6" >
  </QuadChar>
  <QuadChar id="379" offset_x="0" offset_y="0" rect_h="11" rect_w="6" rect_x="1120" rect_y="0" width="6" >
  </QuadChar>
  <QuadChar id="380" offset_x="0" offset_y="0" rect_h="11" rect_w="6" rect_x="1127" rect_y="0" width="6" >
  </QuadChar>
  <QuadChar id="1025" offset_x="0" offset_y="0" rect_h="11" rect_w="6" rect_x="1134" rect_y="0" width="6" >
  </QuadChar>
  <QuadChar id="1040" offset_x="0" offset_y="0" rect_h="11" rect_w="6" rect_x="1141" rect_y="0" width="6" >
  </QuadChar>
  <QuadChar id="1041" offset_x="0" offset_y="0" rect_h="11" rect_w="6" rect_x="1148" rect_y="0" width="6" >
  </QuadChar>
  <QuadChar id="1042" offset_x="0" offset_y="0" rect_h="11" rect_w="6" rect_x="1155" rect_y="0" width="6" >
  </QuadChar>
  <QuadChar id="1043" offset_x="0" offset_y="0" rect_h="11" rect_w="6" rect_x="1162" rect_y="0" width="6" >
  </QuadChar>
  <QuadChar id="1044" offset_x="0" offset_y="0" rect_h="11" rect_w="6" rect_x="1169" rect_y="0" width="6" >
  </QuadChar>
  <QuadChar id="1045" offset_x="0" offset_y="0" rect_h="11" rect_w="6" rect_x="1176" rect_y="0" width="6" >
  </QuadChar>
  <QuadChar id="1046" offset_x="0" offset_y="0" rect_h="11" rect_w="6" rect_x="1183" rect_y="0" width="6" >
  </QuadChar>
  <QuadChar id="1047" offset_x="0" offset_y="0" rect_h="11" rect_w="6" rect_x="1190" rect_y="0" width="6" >
  </QuadChar>
  <QuadChar id="1048" offset_x="0" offset_y="0" rect_h="11" rect_w="6" rect_x="1197" rect_y="0" width="6" >
  </QuadChar>
  <QuadChar id="1049" offset_x="0" offset_y="0" rect_h="11" rect_w="6" rect_x="1204" rect_y="0" width="6" >
  </QuadChar>
  <QuadChar id="1050" offset_x="0" offset_y="0" rect_h="11" rect_w="6" rect_x="1211" rect_y="0" width="6" >
  </QuadChar>
  <QuadChar id="1051" offset_x="0" offset_y="0" rect_h="11" rect_w="6" rect_x="1218" rect_y="0" width="6" >
  </QuadChar>
  <QuadChar id="1052" offset_x="0" offset_y="0" rect_h="11" rect_w="6" rect_x="1225" rect_y="0" width="6" >
  </QuadChar>
  <QuadChar id="1053" offset_x="0" offset_y="0" rect_h="11" rect_w="6" rect_x="1232" rect_y="0" width="6" >
  </QuadChar>
  <QuadChar id="1054" offset_x="0" offset_y="0" rect_h="11" rect_w="6" rect_x="1239" rect_y="0" width="6" >
  </QuadChar>
  <QuadChar id="1055" offset_x="0" offset_y="0" rect_h="11" rect_w="6" rect_x="1246" rect_y="0" width="6" >
  </QuadChar>
  <QuadChar id="1056" offset_x="0" offset_y="0" rect_h="11" rect_w="6" rect_x="1253" rect_y="0" width="6" >
  </QuadChar>
  <QuadChar id="1057" offset_x="0" offset_y="0" rect_h="11" rect_w="6" rect_x="1260" rect_y="0" width="6" >
  </QuadChar>
  <QuadChar id="1058" offset_x="0" offset_y="0" rect_h="11" rect_w="6" rect_x="1267" rect_y="0" width="6" >
  </QuadChar>
  <QuadChar id="1059" offset_x="0" offset_y="0" rect_h="11" rect_w="6" rect_x="1274" rect_y="0" width="6" >
  </QuadChar>
  <QuadChar id="1060" offset_x="0" offset_y="0" rect_h="11" rect_w="6" rect_x="1281" rect_y="0" width="6" >
  </QuadChar>
  <QuadChar id="1061" offset_x="0" offset_y="0" rect_h="11" rect_w="6" rect_x="1288" rect_y="0" width="6" >
  </QuadChar>
  <QuadChar id="1062" offset_x="0" offset_y="0" rect_h="11" rect_w="6" rect_x="1295" rect_y="0" width="6" >
  </QuadChar>
  <QuadChar id="1063" offset_x="0" offset_y="0" rect_h="11" rect_w="6" rect_x="1302" rect_y="0" width="6" >
  </QuadChar>
  <QuadChar id="1064" offset_x="0" offset_y="0" rect_h="11" rect_w="6" rect_x="1309" rect_y="0" width="6" >
  </QuadChar>
  <QuadChar id="1065" offset_x="0" offset_y="0" rect_h="11" rect_w="6" rect_x="1316" rect_y="0" width="6" >
  </QuadChar>
  <QuadChar id="1066" offset_x="0" offset_y="0" rect_h="11" rect_w="6" rect_x="1323" rect_y="0" width="6" >
  </QuadChar>
  <QuadChar id="1067" offset_x="0" offset_y="0" rect_h="11" rect_w="6" rect_x="1330" rect_y="0" width="6" >
  </QuadChar>
  <QuadChar id="1068" offset_x="0" offset_y="0" rect_h="11" rect_w="5" rect_x="1337" rect_y="0" width="5" >
  </QuadChar>
  <QuadChar id="1069" offset_x="0" offset_y="0" rect_h="11" rect_w="6" rect_x="1343" rect_y="0" width="6" >
  </QuadChar>
  <QuadChar id="1070" offset_x="0" offset_y="0" rect_h="11" rect_w="6" rect_x="1350" rect_y="0" width="6" >
  </QuadChar>
  <QuadChar id="1071" offset_x="0" offset_y="0" rect_h="11" rect_w="6" rect_x="1357" rect_y="0" width="6" >
  </QuadChar>
  <QuadChar id="1072" offset_x="0" offset_y="0" rect_h="11" rect_w="6" rect_x="1364" rect_y="0" width="6" >
  </QuadChar>
  <QuadChar id="1073" offset_x="0" offset_y="0" rect_h="11" rect_w="6" rect_x="1371" rect_y="0" width="6" >
  </QuadChar>
  <QuadChar id="1074" offset_x="0" offset_y="0" rect_h="11" rect_w="6" rect_x="1378" rect_y="0" width="6" >
  </QuadChar>
  <QuadChar id="1075" offset_x="0" offset_y="0" rect_h="11" rect_w="6" rect_x="1385" rect_y="0" width="6" >
  </QuadChar>
  <QuadChar id="1076" offset_x="0" offset_y="0" rect_h="11" rect_w="6" rect_x="1392" rect_y="0" width="6" >
  </QuadChar>
  <QuadChar id="1077" offset_x="0" offset_y="0" rect_h="11" rect_w="6" rect_x="1399" rect_y="0" width="6" >
  </QuadChar>
  <QuadChar id="1078" offset_x="0" offset_y="0" rect_h="11" rect_w="6" rect_x="1406" rect_y="0" width="6" >
  </QuadChar>
  <QuadChar id="1079" offset_x="0" offset_y="0" rect_h="11" rect_w="6" rect_x="1413" rect_y="0" width="6" >
  </QuadChar>
  <QuadChar id="1080" offset_x="0" offset_y="0" rect_h="11" rect_w="6" rect_x="1420" rect_y="0" width="6" >
  </QuadChar>
  <QuadChar id="1081" offset_x="0" offset_y="0" rect_h="11" rect_w="6" rect_x="1427" rect_y="0" width="6" >
  </QuadChar>
  <QuadChar id="1082" offset_x="0" offset_y="0" rect_h="11" rect_w="6" rect_x="1434" rect_y="0" width="6" >
  </QuadChar>
  <QuadChar id="1083" offset_x="0" offset_y="0" rect_h="11" rect_w="6" rect_x="1441" rect_y="0" width="6" >
  </QuadChar>
  <QuadChar id="1084" offset_x="0" offset_y="0" rect_h="11" rect_w="6" rect_x="1448" rect_y="0" width="6" >
  </QuadChar>
  <QuadChar id="1085" offset_x="0" offset_y="0" rect_h="11" rect_w="6" rect_x="1455" rect_y="0" width="6" >
  </QuadChar>
  <QuadChar id="1086" offset_x="0" offset_y="0" rect_h="11" rect_w="6" rect_x="1462" rect_y="0" width="6" >
  </QuadChar>
  <QuadChar id="1087" offset_x="0" offset_y="0" rect_h="11" rect_w="6" rect_x="1469" rect_y="0" width="6" >
  </QuadChar>
  <QuadChar id="1088" offset_x="0" offset_y="0" rect_h="11" rect_w="6" rect_x="1476" rect_y="0" width="6" >
  </QuadChar>
  <QuadChar id="1089" offset_x="0" offset_y="0" rect_h="11" rect_w="6" rect_x="1483" rect_y="0" width="6" >
  </QuadChar>
  <QuadChar id="1090" offset_x="0" offset_y="0" rect_h="11" rect_w="6" rect_x="1490" rect_y="0" width="6" >
  </QuadChar>
  <QuadChar id="1091" offset_x="0" offset_y="0" rect_h="11" rect_w="6" rect_x="1497" rect_y="0" width="6" >
  </QuadChar>
  <QuadChar id="1092" offset_x="0" offset_y="0" rect_h="11" rect_w="6" rect_x="1504" rect_y="0" width="6" >
  </QuadChar>
  <QuadChar id="1093" offset_x="0" offset_y="0" rect_h="11" rect_w="6" rect_x="1511" rect_y="0" width="6" >
  </QuadChar>
  <QuadChar id="1094" offset_x="0" offset_y="0" rect_h="11" rect_w="6" rect_x="1518" rect_y="0" width="6" >
  </QuadChar>
  <QuadChar id="1095" offset_x="0" offset_y="0" rect_h="11" rect_w="6" rect_x="1525" rect_y="0" width="6" >
  </QuadChar>
  <QuadChar id="1096" offset_x="0" offset_y="0" rect_h="11" rect_w="6" rect_x="1532" rect_y="0" width="6" >
  </QuadChar>
  <QuadChar id="1097" offset_x="0" offset_y="0" rect_h="11" rect_w="6" rect_x="1539" rect_y="0" width="6" >
  </QuadChar>
  <QuadChar id="1098" offset_x="0" offset_y="0" rect_h="11" rect_w="6" rect_x="1546" rect_y="0" width="6" >
  </QuadChar>
  <QuadChar id="1099" offset_x="0" offset_y="0" rect_h="11" rect_w="6" rect_x="1553" rect_y="0" width="6" >
  </QuadChar>
  <QuadChar id="1100" offset_x="0" offset_y="0" rect_h="11" rect_w="5" rect_x="1560" rect_y="0" width="5" >
  </QuadChar>
  <QuadChar id="1101" offset_x="0" offset_y="0" rect_h="11" rect_w="6" rect_x="1566" rect_y="0" width="6" >
  </QuadChar>
  <QuadChar id="1102" offset_x="0" offset_y="0" rect_h="11" rect_w="6" rect_x="1573" rect_y="0" width="6" >
  </QuadChar>
  <QuadChar id="1103" offset_x="0" offset_y="0" rect_h="11" rect_w="6" rect_x="1580" rect_y="0" width="6" >
  </QuadChar>
  <QuadChar id="1105" offset_x="0" offset_y="0" rect_h="11" rect_w="6" rect_x="1587" rect_y="0" width="6" >
  </QuadChar>
  <QuadChar id="8211" offset_x="0" offset_y="0" rect_h="11" rect_w="6" rect_x="1594" rect_y="0" width="6" >
  </QuadChar>
  <QuadChar id="8212" offset_x="0" offset_y="0" rect_h="11" rect_w="6" rect_x="1601" rect_y="0" width="6" >
  </QuadChar>
  <QuadChar id="8217" offset_x="0" offset_y="0" rect_h="11" rect_w="2" rect_x="1608" rect_y="0" width="2" >
  </QuadChar>
  <QuadChar id="8220" offset_x="0" offset_y="0" rect_h="11" rect_w="4" rect_x="1611" rect_y="0" width="4" >
  </QuadChar>
  <QuadChar id="8221" offset_x="0" offset_y="0" rect_h="11" rect_w="4" rect_x="1616" rect_y="0" width="4" >
  </QuadChar>
  <QuadChar id="8222" offset_x="0" offset_y="0" rect_h="11" rect_w="4" rect_x="1621" rect_y="0" width="4" >
  </QuadChar>
  <QuadChar id="8230" offset_x="0" offset_y="0" rect_h="11" rect_w="6" rect_x="1626" rect_y="0" width="6" >
  </QuadChar>
  <QuadChar id="8734" offset_x="0" offset_y="0" rect_h="11" rect_w="10" rect_x="1633" rect_y="0" width="10" >
  </QuadChar>
  <!-- dodani latynsjki litery -->
  <QuadChar id="381" offset_x="0" offset_y="0" rect_h="11" rect_w="6" rect_x="1644" rect_y="0" width="6" >
  </QuadChar>
  <QuadChar id="382" offset_x="0" offset_y="0" rect_h="11" rect_w="6" rect_x="1651" rect_y="0" width="6" >
  </QuadChar>
  <QuadChar id="268" offset_x="0" offset_y="0" rect_h="11" rect_w="6" rect_x="1658" rect_y="0" width="6" >
  </QuadChar>
  <QuadChar id="269" offset_x="0" offset_y="0" rect_h="11" rect_w="6" rect_x="1665" rect_y="0" width="6" >
  </QuadChar>
  <QuadChar id="352" offset_x="0" offset_y="0" rect_h="11" rect_w="6" rect_x="1672" rect_y="0" width="6" >
  </QuadChar>
  <QuadChar id="353" offset_x="0" offset_y="0" rect_h="11" rect_w="6" rect_x="1679" rect_y="0" width="6" >
  </QuadChar>
  <QuadChar id="348" offset_x="0" offset_y="0" rect_h="11" rect_w="6" rect_x="1686" rect_y="0" width="6" >
  </QuadChar>
  <QuadChar id="349" offset_x="0" offset_y="0" rect_h="11" rect_w="6" rect_x="1693" rect_y="0" width="6" >
  </QuadChar>
  <QuadChar id="286" offset_x="0" offset_y="0" rect_h="11" rect_w="6" rect_x="1700" rect_y="0" width="6" >
  </QuadChar>
  <QuadChar id="287" offset_x="0" offset_y="0" rect_h="11" rect_w="6" rect_x="1707" rect_y="0" width="6" >
  </QuadChar>
</FontData>
