<FontData>
  <Texture>
    mods/Ukrainian_Language/fonts/font_pixel_huge.png
  </Texture>
  <LineHeight>
    7
  </LineHeight>
  <CharSpace>
    0
  </CharSpace>
  <WordSpace>
    6
  </WordSpace>
  <QuadChar id="32" offset_x="0" offset_y="0" rect_h="15" rect_w="8" rect_x="0" rect_y="0" width="8" >
  </QuadChar>
  <QuadChar id="33" offset_x="0" offset_y="0" rect_h="15" rect_w="4" rect_x="9" rect_y="0" width="4" >
  </QuadChar>
  <QuadChar id="34" offset_x="0" offset_y="0" rect_h="15" rect_w="4" rect_x="14" rect_y="0" width="4" >
  </QuadChar>
  <QuadChar id="35" offset_x="0" offset_y="0" rect_h="15" rect_w="8" rect_x="19" rect_y="0" width="8" >
  </QuadChar>
  <QuadChar id="36" offset_x="0" offset_y="0" rect_h="15" rect_w="8" rect_x="28" rect_y="0" width="8" >
  </QuadChar>
  <QuadChar id="37" offset_x="0" offset_y="0" rect_h="15" rect_w="8" rect_x="37" rect_y="0" width="8" >
  </QuadChar>
  <QuadChar id="38" offset_x="0" offset_y="0" rect_h="15" rect_w="8" rect_x="46" rect_y="0" width="8" >
  </QuadChar>
  <QuadChar id="39" offset_x="0" offset_y="0" rect_h="15" rect_w="3" rect_x="55" rect_y="0" width="3" >
  </QuadChar>
  <QuadChar id="40" offset_x="0" offset_y="0" rect_h="15" rect_w="8" rect_x="59" rect_y="0" width="8" >
  </QuadChar>
  <QuadChar id="41" offset_x="0" offset_y="0" rect_h="15" rect_w="8" rect_x="68" rect_y="0" width="8" >
  </QuadChar>
  <QuadChar id="42" offset_x="0" offset_y="0" rect_h="15" rect_w="8" rect_x="77" rect_y="0" width="8" >
  </QuadChar>
  <QuadChar id="43" offset_x="0" offset_y="0" rect_h="15" rect_w="8" rect_x="86" rect_y="0" width="8" >
  </QuadChar>
  <QuadChar id="44" offset_x="0" offset_y="0" rect_h="15" rect_w="5" rect_x="95" rect_y="0" width="5" >
  </QuadChar>
  <QuadChar id="45" offset_x="0" offset_y="0" rect_h="15" rect_w="8" rect_x="101" rect_y="0" width="8" >
  </QuadChar>
  <QuadChar id="46" offset_x="0" offset_y="0" rect_h="15" rect_w="4" rect_x="110" rect_y="0" width="4" >
  </QuadChar>
  <QuadChar id="47" offset_x="0" offset_y="0" rect_h="15" rect_w="8" rect_x="115" rect_y="0" width="8" >
  </QuadChar>
  <QuadChar id="48" offset_x="0" offset_y="0" rect_h="15" rect_w="8" rect_x="124" rect_y="0" width="8" >
  </QuadChar>
  <QuadChar id="49" offset_x="0" offset_y="0" rect_h="15" rect_w="8" rect_x="133" rect_y="0" width="8" >
  </QuadChar>
  <QuadChar id="50" offset_x="0" offset_y="0" rect_h="15" rect_w="8" rect_x="142" rect_y="0" width="8" >
  </QuadChar>
  <QuadChar id="51" offset_x="0" offset_y="0" rect_h="15" rect_w="8" rect_x="151" rect_y="0" width="8" >
  </QuadChar>
  <QuadChar id="52" offset_x="0" offset_y="0" rect_h="15" rect_w="8" rect_x="160" rect_y="0" width="8" >
  </QuadChar>
  <QuadChar id="53" offset_x="0" offset_y="0" rect_h="15" rect_w="8" rect_x="169" rect_y="0" width="8" >
  </QuadChar>
  <QuadChar id="54" offset_x="0" offset_y="0" rect_h="15" rect_w="8" rect_x="178" rect_y="0" width="8" >
  </QuadChar>
  <QuadChar id="55" offset_x="0" offset_y="0" rect_h="15" rect_w="8" rect_x="187" rect_y="0" width="8" >
  </QuadChar>
  <QuadChar id="56" offset_x="0" offset_y="0" rect_h="15" rect_w="8" rect_x="196" rect_y="0" width="8" >
  </QuadChar>
  <QuadChar id="57" offset_x="0" offset_y="0" rect_h="15" rect_w="8" rect_x="205" rect_y="0" width="8" >
  </QuadChar>
  <QuadChar id="58" offset_x="0" offset_y="0" rect_h="15" rect_w="8" rect_x="214" rect_y="0" width="8" >
  </QuadChar>
  <QuadChar id="59" offset_x="0" offset_y="0" rect_h="15" rect_w="8" rect_x="223" rect_y="0" width="8" >
  </QuadChar>
  <QuadChar id="60" offset_x="0" offset_y="0" rect_h="15" rect_w="8" rect_x="232" rect_y="0" width="8" >
  </QuadChar>
  <QuadChar id="61" offset_x="0" offset_y="0" rect_h="15" rect_w="8" rect_x="241" rect_y="0" width="8" >
  </QuadChar>
  <QuadChar id="62" offset_x="0" offset_y="0" rect_h="15" rect_w="8" rect_x="250" rect_y="0" width="8" >
  </QuadChar>
  <QuadChar id="63" offset_x="0" offset_y="0" rect_h="15" rect_w="8" rect_x="259" rect_y="0" width="8" >
  </QuadChar>
  <QuadChar id="64" offset_x="0" offset_y="0" rect_h="15" rect_w="8" rect_x="268" rect_y="0" width="8" >
  </QuadChar>
  <QuadChar id="65" offset_x="0" offset_y="0" rect_h="15" rect_w="8" rect_x="277" rect_y="0" width="8" >
  </QuadChar>
  <QuadChar id="66" offset_x="0" offset_y="0" rect_h="15" rect_w="8" rect_x="286" rect_y="0" width="8" >
  </QuadChar>
  <QuadChar id="67" offset_x="0" offset_y="0" rect_h="15" rect_w="8" rect_x="295" rect_y="0" width="8" >
  </QuadChar>
  <QuadChar id="68" offset_x="0" offset_y="0" rect_h="15" rect_w="8" rect_x="304" rect_y="0" width="8" >
  </QuadChar>
  <QuadChar id="69" offset_x="0" offset_y="0" rect_h="15" rect_w="8" rect_x="313" rect_y="0" width="8" >
  </QuadChar>
  <QuadChar id="70" offset_x="0" offset_y="0" rect_h="15" rect_w="8" rect_x="322" rect_y="0" width="8" >
  </QuadChar>
  <QuadChar id="71" offset_x="0" offset_y="0" rect_h="15" rect_w="8" rect_x="331" rect_y="0" width="8" >
  </QuadChar>
  <QuadChar id="72" offset_x="0" offset_y="0" rect_h="15" rect_w="8" rect_x="340" rect_y="0" width="8" >
  </QuadChar>
  <QuadChar id="73" offset_x="0" offset_y="0" rect_h="15" rect_w="5" rect_x="349" rect_y="0" width="5" >
  </QuadChar>
  <QuadChar id="74" offset_x="0" offset_y="0" rect_h="15" rect_w="8" rect_x="355" rect_y="0" width="8" >
  </QuadChar>
  <QuadChar id="75" offset_x="0" offset_y="0" rect_h="15" rect_w="8" rect_x="364" rect_y="0" width="8" >
  </QuadChar>
  <QuadChar id="76" offset_x="0" offset_y="0" rect_h="15" rect_w="8" rect_x="373" rect_y="0" width="8" >
  </QuadChar>
  <QuadChar id="77" offset_x="0" offset_y="0" rect_h="15" rect_w="8" rect_x="382" rect_y="0" width="8" >
  </QuadChar>
  <QuadChar id="78" offset_x="0" offset_y="0" rect_h="15" rect_w="8" rect_x="391" rect_y="0" width="8" >
  </QuadChar>
  <QuadChar id="79" offset_x="0" offset_y="0" rect_h="15" rect_w="8" rect_x="400" rect_y="0" width="8" >
  </QuadChar>
  <QuadChar id="80" offset_x="0" offset_y="0" rect_h="15" rect_w="8" rect_x="409" rect_y="0" width="8" >
  </QuadChar>
  <QuadChar id="81" offset_x="0" offset_y="0" rect_h="15" rect_w="8" rect_x="418" rect_y="0" width="8" >
  </QuadChar>
  <QuadChar id="82" offset_x="0" offset_y="0" rect_h="15" rect_w="8" rect_x="427" rect_y="0" width="8" >
  </QuadChar>
  <QuadChar id="83" offset_x="0" offset_y="0" rect_h="15" rect_w="8" rect_x="436" rect_y="0" width="8" >
  </QuadChar>
  <QuadChar id="84" offset_x="0" offset_y="0" rect_h="15" rect_w="8" rect_x="445" rect_y="0" width="8" >
  </QuadChar>
  <QuadChar id="85" offset_x="0" offset_y="0" rect_h="15" rect_w="8" rect_x="454" rect_y="0" width="8" >
  </QuadChar>
  <QuadChar id="86" offset_x="0" offset_y="0" rect_h="15" rect_w="8" rect_x="463" rect_y="0" width="8" >
  </QuadChar>
  <QuadChar id="87" offset_x="0" offset_y="0" rect_h="15" rect_w="8" rect_x="472" rect_y="0" width="8" >
  </QuadChar>
  <QuadChar id="88" offset_x="0" offset_y="0" rect_h="15" rect_w="8" rect_x="481" rect_y="0" width="8" >
  </QuadChar>
  <QuadChar id="89" offset_x="0" offset_y="0" rect_h="15" rect_w="8" rect_x="490" rect_y="0" width="8" >
  </QuadChar>
  <QuadChar id="90" offset_x="0" offset_y="0" rect_h="15" rect_w="8" rect_x="499" rect_y="0" width="8" >
  </QuadChar>
  <QuadChar id="91" offset_x="0" offset_y="0" rect_h="15" rect_w="8" rect_x="508" rect_y="0" width="8" >
  </QuadChar>
  <QuadChar id="92" offset_x="0" offset_y="0" rect_h="15" rect_w="8" rect_x="517" rect_y="0" width="8" >
  </QuadChar>
  <QuadChar id="93" offset_x="0" offset_y="0" rect_h="15" rect_w="8" rect_x="526" rect_y="0" width="8" >
  </QuadChar>
  <QuadChar id="94" offset_x="0" offset_y="0" rect_h="15" rect_w="8" rect_x="535" rect_y="0" width="8" >
  </QuadChar>
  <QuadChar id="95" offset_x="0" offset_y="0" rect_h="15" rect_w="8" rect_x="544" rect_y="0" width="8" >
  </QuadChar>
  <QuadChar id="96" offset_x="0" offset_y="0" rect_h="15" rect_w="3" rect_x="553" rect_y="0" width="3" >
  </QuadChar>
  <QuadChar id="97" offset_x="0" offset_y="0" rect_h="15" rect_w="8" rect_x="557" rect_y="0" width="8" >
  </QuadChar>
  <QuadChar id="98" offset_x="0" offset_y="0" rect_h="15" rect_w="8" rect_x="566" rect_y="0" width="8" >
  </QuadChar>
  <QuadChar id="99" offset_x="0" offset_y="0" rect_h="15" rect_w="8" rect_x="575" rect_y="0" width="8" >
  </QuadChar>
  <QuadChar id="100" offset_x="0" offset_y="0" rect_h="15" rect_w="8" rect_x="584" rect_y="0" width="8" >
  </QuadChar>
  <QuadChar id="101" offset_x="0" offset_y="0" rect_h="15" rect_w="8" rect_x="593" rect_y="0" width="8" >
  </QuadChar>
  <QuadChar id="102" offset_x="0" offset_y="0" rect_h="15" rect_w="8" rect_x="602" rect_y="0" width="8" >
  </QuadChar>
  <QuadChar id="103" offset_x="0" offset_y="0" rect_h="15" rect_w="8" rect_x="611" rect_y="0" width="8" >
  </QuadChar>
  <QuadChar id="104" offset_x="0" offset_y="0" rect_h="15" rect_w="8" rect_x="620" rect_y="0" width="8" >
  </QuadChar>
  <QuadChar id="105" offset_x="0" offset_y="0" rect_h="15" rect_w="5" rect_x="629" rect_y="0" width="5" >
  </QuadChar>
  <QuadChar id="106" offset_x="0" offset_y="0" rect_h="15" rect_w="8" rect_x="635" rect_y="0" width="8" >
  </QuadChar>
  <QuadChar id="107" offset_x="0" offset_y="0" rect_h="15" rect_w="8" rect_x="644" rect_y="0" width="8" >
  </QuadChar>
  <QuadChar id="108" offset_x="0" offset_y="0" rect_h="15" rect_w="8" rect_x="653" rect_y="0" width="8" >
  </QuadChar>
  <QuadChar id="109" offset_x="0" offset_y="0" rect_h="15" rect_w="8" rect_x="662" rect_y="0" width="8" >
  </QuadChar>
  <QuadChar id="110" offset_x="0" offset_y="0" rect_h="15" rect_w="8" rect_x="671" rect_y="0" width="8" >
  </QuadChar>
  <QuadChar id="111" offset_x="0" offset_y="0" rect_h="15" rect_w="8" rect_x="680" rect_y="0" width="8" >
  </QuadChar>
  <QuadChar id="112" offset_x="0" offset_y="0" rect_h="15" rect_w="8" rect_x="689" rect_y="0" width="8" >
  </QuadChar>
  <QuadChar id="113" offset_x="0" offset_y="0" rect_h="15" rect_w="8" rect_x="698" rect_y="0" width="8" >
  </QuadChar>
  <QuadChar id="114" offset_x="0" offset_y="0" rect_h="15" rect_w="8" rect_x="707" rect_y="0" width="8" >
  </QuadChar>
  <QuadChar id="115" offset_x="0" offset_y="0" rect_h="15" rect_w="8" rect_x="716" rect_y="0" width="8" >
  </QuadChar>
  <QuadChar id="116" offset_x="0" offset_y="0" rect_h="15" rect_w="8" rect_x="725" rect_y="0" width="8" >
  </QuadChar>
  <QuadChar id="117" offset_x="0" offset_y="0" rect_h="15" rect_w="8" rect_x="734" rect_y="0" width="8" >
  </QuadChar>
  <QuadChar id="118" offset_x="0" offset_y="0" rect_h="15" rect_w="8" rect_x="743" rect_y="0" width="8" >
  </QuadChar>
  <QuadChar id="119" offset_x="0" offset_y="0" rect_h="15" rect_w="8" rect_x="752" rect_y="0" width="8" >
  </QuadChar>
  <QuadChar id="120" offset_x="0" offset_y="0" rect_h="15" rect_w="8" rect_x="761" rect_y="0" width="8" >
  </QuadChar>
  <QuadChar id="121" offset_x="0" offset_y="0" rect_h="15" rect_w="8" rect_x="770" rect_y="0" width="8" >
  </QuadChar>
  <QuadChar id="122" offset_x="0" offset_y="0" rect_h="15" rect_w="8" rect_x="779" rect_y="0" width="8" >
  </QuadChar>
  <QuadChar id="124" offset_x="0" offset_y="0" rect_h="15" rect_w="8" rect_x="788" rect_y="0" width="8" >
  </QuadChar>
  <QuadChar id="126" offset_x="0" offset_y="0" rect_h="15" rect_w="8" rect_x="797" rect_y="0" width="8" >
  </QuadChar>
  <QuadChar id="161" offset_x="0" offset_y="0" rect_h="15" rect_w="4" rect_x="806" rect_y="0" width="4" >
  </QuadChar>
  <QuadChar id="169" offset_x="0" offset_y="0" rect_h="15" rect_w="8" rect_x="811" rect_y="0" width="8" >
  </QuadChar>
  <QuadChar id="171" offset_x="0" offset_y="0" rect_h="15" rect_w="8" rect_x="820" rect_y="0" width="8" >
  </QuadChar>
  <QuadChar id="172" offset_x="0" offset_y="0" rect_h="15" rect_w="8" rect_x="829" rect_y="0" width="8" >
  </QuadChar>
  <QuadChar id="187" offset_x="0" offset_y="0" rect_h="15" rect_w="8" rect_x="838" rect_y="0" width="8" >
  </QuadChar>
  <QuadChar id="191" offset_x="0" offset_y="0" rect_h="15" rect_w="7" rect_x="847" rect_y="0" width="7" >
  </QuadChar>
  <QuadChar id="192" offset_x="0" offset_y="0" rect_h="15" rect_w="8" rect_x="855" rect_y="0" width="8" >
  </QuadChar>
  <QuadChar id="193" offset_x="0" offset_y="0" rect_h="15" rect_w="8" rect_x="864" rect_y="0" width="8" >
  </QuadChar>
  <QuadChar id="194" offset_x="0" offset_y="0" rect_h="15" rect_w="8" rect_x="873" rect_y="0" width="8" >
  </QuadChar>
  <QuadChar id="195" offset_x="0" offset_y="0" rect_h="15" rect_w="8" rect_x="882" rect_y="0" width="8" >
  </QuadChar>
  <QuadChar id="196" offset_x="0" offset_y="0" rect_h="15" rect_w="8" rect_x="891" rect_y="0" width="8" >
  </QuadChar>
  <QuadChar id="197" offset_x="0" offset_y="0" rect_h="15" rect_w="8" rect_x="900" rect_y="0" width="8" >
  </QuadChar>
  <QuadChar id="199" offset_x="0" offset_y="0" rect_h="15" rect_w="8" rect_x="909" rect_y="0" width="8" >
  </QuadChar>
  <QuadChar id="200" offset_x="0" offset_y="0" rect_h="15" rect_w="8" rect_x="918" rect_y="0" width="8" >
  </QuadChar>
  <QuadChar id="201" offset_x="0" offset_y="0" rect_h="15" rect_w="8" rect_x="927" rect_y="0" width="8" >
  </QuadChar>
  <QuadChar id="202" offset_x="0" offset_y="0" rect_h="15" rect_w="8" rect_x="936" rect_y="0" width="8" >
  </QuadChar>
  <QuadChar id="203" offset_x="0" offset_y="0" rect_h="15" rect_w="8" rect_x="945" rect_y="0" width="8" >
  </QuadChar>
  <QuadChar id="204" offset_x="0" offset_y="0" rect_h="15" rect_w="5" rect_x="954" rect_y="0" width="5" >
  </QuadChar>
  <QuadChar id="205" offset_x="0" offset_y="0" rect_h="15" rect_w="4" rect_x="960" rect_y="0" width="4" >
  </QuadChar>
  <QuadChar id="206" offset_x="0" offset_y="0" rect_h="15" rect_w="4" rect_x="965" rect_y="0" width="4" >
  </QuadChar>
  <QuadChar id="207" offset_x="0" offset_y="0" rect_h="15" rect_w="4" rect_x="970" rect_y="0" width="4" >
  </QuadChar>
  <QuadChar id="209" offset_x="0" offset_y="0" rect_h="15" rect_w="8" rect_x="975" rect_y="0" width="8" >
  </QuadChar>
  <QuadChar id="211" offset_x="0" offset_y="0" rect_h="15" rect_w="8" rect_x="984" rect_y="0" width="8" >
  </QuadChar>
  <QuadChar id="212" offset_x="0" offset_y="0" rect_h="15" rect_w="8" rect_x="993" rect_y="0" width="8" >
  </QuadChar>
  <QuadChar id="213" offset_x="0" offset_y="0" rect_h="15" rect_w="8" rect_x="1002" rect_y="0" width="8" >
  </QuadChar>
  <QuadChar id="214" offset_x="0" offset_y="0" rect_h="15" rect_w="8" rect_x="1011" rect_y="0" width="8" >
  </QuadChar>
  <QuadChar id="216" offset_x="0" offset_y="0" rect_h="15" rect_w="8" rect_x="1020" rect_y="0" width="8" >
  </QuadChar>
  <QuadChar id="217" offset_x="0" offset_y="0" rect_h="15" rect_w="8" rect_x="1029" rect_y="0" width="8" >
  </QuadChar>
  <QuadChar id="218" offset_x="0" offset_y="0" rect_h="15" rect_w="8" rect_x="1038" rect_y="0" width="8" >
  </QuadChar>
  <QuadChar id="219" offset_x="0" offset_y="0" rect_h="15" rect_w="8" rect_x="1047" rect_y="0" width="8" >
  </QuadChar>
  <QuadChar id="220" offset_x="0" offset_y="0" rect_h="15" rect_w="8" rect_x="1056" rect_y="0" width="8" >
  </QuadChar>
  <QuadChar id="223" offset_x="0" offset_y="0" rect_h="15" rect_w="8" rect_x="1065" rect_y="0" width="8" >
  </QuadChar>
  <QuadChar id="224" offset_x="0" offset_y="0" rect_h="15" rect_w="8" rect_x="1074" rect_y="0" width="8" >
  </QuadChar>
  <QuadChar id="225" offset_x="0" offset_y="0" rect_h="15" rect_w="8" rect_x="1083" rect_y="0" width="8" >
  </QuadChar>
  <QuadChar id="226" offset_x="0" offset_y="0" rect_h="15" rect_w="8" rect_x="1092" rect_y="0" width="8" >
  </QuadChar>
  <QuadChar id="227" offset_x="0" offset_y="0" rect_h="15" rect_w="8" rect_x="1101" rect_y="0" width="8" >
  </QuadChar>
  <QuadChar id="228" offset_x="0" offset_y="0" rect_h="15" rect_w="8" rect_x="1110" rect_y="0" width="8" >
  </QuadChar>
  <QuadChar id="229" offset_x="0" offset_y="0" rect_h="15" rect_w="8" rect_x="1119" rect_y="0" width="8" >
  </QuadChar>
  <QuadChar id="231" offset_x="0" offset_y="0" rect_h="15" rect_w="8" rect_x="1128" rect_y="0" width="8" >
  </QuadChar>
  <QuadChar id="232" offset_x="0" offset_y="0" rect_h="15" rect_w="8" rect_x="1137" rect_y="0" width="8" >
  </QuadChar>
  <QuadChar id="233" offset_x="0" offset_y="0" rect_h="15" rect_w="8" rect_x="1146" rect_y="0" width="8" >
  </QuadChar>
  <QuadChar id="234" offset_x="0" offset_y="0" rect_h="15" rect_w="8" rect_x="1155" rect_y="0" width="8" >
  </QuadChar>
  <QuadChar id="235" offset_x="0" offset_y="0" rect_h="15" rect_w="8" rect_x="1164" rect_y="0" width="8" >
  </QuadChar>
  <QuadChar id="236" offset_x="0" offset_y="0" rect_h="15" rect_w="5" rect_x="1173" rect_y="0" width="5" >
  </QuadChar>
  <QuadChar id="237" offset_x="0" offset_y="0" rect_h="15" rect_w="4" rect_x="1179" rect_y="0" width="4" >
  </QuadChar>
  <QuadChar id="238" offset_x="0" offset_y="0" rect_h="15" rect_w="4" rect_x="1184" rect_y="0" width="4" >
  </QuadChar>
  <QuadChar id="239" offset_x="0" offset_y="0" rect_h="15" rect_w="4" rect_x="1189" rect_y="0" width="4" >
  </QuadChar>
  <QuadChar id="241" offset_x="0" offset_y="0" rect_h="15" rect_w="8" rect_x="1194" rect_y="0" width="8" >
  </QuadChar>
  <QuadChar id="243" offset_x="0" offset_y="0" rect_h="15" rect_w="8" rect_x="1203" rect_y="0" width="8" >
  </QuadChar>
  <QuadChar id="244" offset_x="0" offset_y="0" rect_h="15" rect_w="8" rect_x="1212" rect_y="0" width="8" >
  </QuadChar>
  <QuadChar id="245" offset_x="0" offset_y="0" rect_h="15" rect_w="8" rect_x="1221" rect_y="0" width="8" >
  </QuadChar>
  <QuadChar id="246" offset_x="0" offset_y="0" rect_h="15" rect_w="8" rect_x="1230" rect_y="0" width="8" >
  </QuadChar>
  <QuadChar id="248" offset_x="0" offset_y="0" rect_h="15" rect_w="8" rect_x="1239" rect_y="0" width="8" >
  </QuadChar>
  <QuadChar id="249" offset_x="0" offset_y="0" rect_h="15" rect_w="8" rect_x="1248" rect_y="0" width="8" >
  </QuadChar>
  <QuadChar id="250" offset_x="0" offset_y="0" rect_h="15" rect_w="8" rect_x="1257" rect_y="0" width="8" >
  </QuadChar>
  <QuadChar id="251" offset_x="0" offset_y="0" rect_h="15" rect_w="8" rect_x="1266" rect_y="0" width="8" >
  </QuadChar>
  <QuadChar id="252" offset_x="0" offset_y="0" rect_h="15" rect_w="8" rect_x="1275" rect_y="0" width="8" >
  </QuadChar>
  <QuadChar id="260" offset_x="0" offset_y="0" rect_h="15" rect_w="8" rect_x="1284" rect_y="0" width="8" >
  </QuadChar>
  <QuadChar id="261" offset_x="0" offset_y="0" rect_h="15" rect_w="8" rect_x="1293" rect_y="0" width="8" >
  </QuadChar>
  <QuadChar id="262" offset_x="0" offset_y="0" rect_h="15" rect_w="8" rect_x="1302" rect_y="0" width="8" >
  </QuadChar>
  <QuadChar id="263" offset_x="0" offset_y="0" rect_h="15" rect_w="8" rect_x="1311" rect_y="0" width="8" >
  </QuadChar>
  <QuadChar id="280" offset_x="0" offset_y="0" rect_h="15" rect_w="8" rect_x="1320" rect_y="0" width="8" >
  </QuadChar>
  <QuadChar id="281" offset_x="0" offset_y="0" rect_h="15" rect_w="8" rect_x="1329" rect_y="0" width="8" >
  </QuadChar>
  <QuadChar id="321" offset_x="0" offset_y="0" rect_h="15" rect_w="8" rect_x="1338" rect_y="0" width="8" >
  </QuadChar>
  <QuadChar id="322" offset_x="0" offset_y="0" rect_h="15" rect_w="8" rect_x="1347" rect_y="0" width="8" >
  </QuadChar>
  <QuadChar id="323" offset_x="0" offset_y="0" rect_h="15" rect_w="8" rect_x="1356" rect_y="0" width="8" >
  </QuadChar>
  <QuadChar id="324" offset_x="0" offset_y="0" rect_h="15" rect_w="8" rect_x="1365" rect_y="0" width="8" >
  </QuadChar>
  <QuadChar id="338" offset_x="0" offset_y="0" rect_h="15" rect_w="8" rect_x="1374" rect_y="0" width="8" >
  </QuadChar>
  <QuadChar id="339" offset_x="0" offset_y="0" rect_h="15" rect_w="8" rect_x="1383" rect_y="0" width="8" >
  </QuadChar>
  <QuadChar id="346" offset_x="0" offset_y="0" rect_h="15" rect_w="8" rect_x="1392" rect_y="0" width="8" >
  </QuadChar>
  <QuadChar id="347" offset_x="0" offset_y="0" rect_h="15" rect_w="8" rect_x="1401" rect_y="0" width="8" >
  </QuadChar>
  <QuadChar id="377" offset_x="0" offset_y="0" rect_h="15" rect_w="8" rect_x="1410" rect_y="0" width="8" >
  </QuadChar>
  <QuadChar id="378" offset_x="0" offset_y="0" rect_h="15" rect_w="8" rect_x="1419" rect_y="0" width="8" >
  </QuadChar>
  <QuadChar id="379" offset_x="0" offset_y="0" rect_h="15" rect_w="8" rect_x="1428" rect_y="0" width="8" >
  </QuadChar>
  <QuadChar id="380" offset_x="0" offset_y="0" rect_h="15" rect_w="8" rect_x="1437" rect_y="0" width="8" >
  </QuadChar>
  <QuadChar id="1108" offset_x="0" offset_y="0" rect_h="15" rect_w="8" rect_x="2095" rect_y="0" width="8" >
  </QuadChar>
  <QuadChar id="1110" offset_x="0" offset_y="0" rect_h="15" rect_w="5" rect_x="349" rect_y="0" width="5" >
  </QuadChar>
  <QuadChar id="1111" offset_x="0" offset_y="0" rect_h="15" rect_w="4" rect_x="970" rect_y="0" width="4" >
  </QuadChar>
  <QuadChar id="1025" offset_x="0" offset_y="0" rect_h="15" rect_w="8" rect_x="1446" rect_y="0" width="8" >
  </QuadChar>
  <QuadChar id="1028" offset_x="0" offset_y="0" rect_h="15" rect_w="8" rect_x="2095" rect_y="0" width="8" >
  </QuadChar>
  <QuadChar id="1030" offset_x="0" offset_y="0" rect_h="15" rect_w="5" rect_x="349" rect_y="0" width="5" >
  </QuadChar>
  <QuadChar id="1031" offset_x="0" offset_y="0" rect_h="15" rect_w="4" rect_x="970" rect_y="0" width="4" >
  </QuadChar>
  <QuadChar id="1040" offset_x="0" offset_y="0" rect_h="15" rect_w="8" rect_x="1455" rect_y="0" width="8" >
  </QuadChar>
  <QuadChar id="1041" offset_x="0" offset_y="0" rect_h="15" rect_w="8" rect_x="1464" rect_y="0" width="8" >
  </QuadChar>
  <QuadChar id="1042" offset_x="0" offset_y="0" rect_h="15" rect_w="8" rect_x="1473" rect_y="0" width="8" >
  </QuadChar>
  <QuadChar id="1043" offset_x="0" offset_y="0" rect_h="15" rect_w="8" rect_x="1482" rect_y="0" width="8" >
  </QuadChar>
  <QuadChar id="1044" offset_x="0" offset_y="0" rect_h="15" rect_w="8" rect_x="1491" rect_y="0" width="8" >
  </QuadChar>
  <QuadChar id="1045" offset_x="0" offset_y="0" rect_h="15" rect_w="8" rect_x="1500" rect_y="0" width="8" >
  </QuadChar>
  <QuadChar id="1046" offset_x="0" offset_y="0" rect_h="15" rect_w="8" rect_x="1509" rect_y="0" width="8" >
  </QuadChar>
  <QuadChar id="1047" offset_x="0" offset_y="0" rect_h="15" rect_w="8" rect_x="1518" rect_y="0" width="8" >
  </QuadChar>
  <QuadChar id="1048" offset_x="0" offset_y="0" rect_h="15" rect_w="8" rect_x="1527" rect_y="0" width="8" >
  </QuadChar>
  <QuadChar id="1049" offset_x="0" offset_y="0" rect_h="15" rect_w="8" rect_x="1536" rect_y="0" width="8" >
  </QuadChar>
  <QuadChar id="1050" offset_x="0" offset_y="0" rect_h="15" rect_w="8" rect_x="1545" rect_y="0" width="8" >
  </QuadChar>
  <QuadChar id="1051" offset_x="0" offset_y="0" rect_h="15" rect_w="8" rect_x="1554" rect_y="0" width="8" >
  </QuadChar>
  <QuadChar id="1052" offset_x="0" offset_y="0" rect_h="15" rect_w="8" rect_x="1563" rect_y="0" width="8" >
  </QuadChar>
  <QuadChar id="1053" offset_x="0" offset_y="0" rect_h="15" rect_w="8" rect_x="1572" rect_y="0" width="8" >
  </QuadChar>
  <QuadChar id="1054" offset_x="0" offset_y="0" rect_h="15" rect_w="8" rect_x="1581" rect_y="0" width="8" >
  </QuadChar>
  <QuadChar id="1055" offset_x="0" offset_y="0" rect_h="15" rect_w="8" rect_x="1590" rect_y="0" width="8" >
  </QuadChar>
  <QuadChar id="1056" offset_x="0" offset_y="0" rect_h="15" rect_w="8" rect_x="1599" rect_y="0" width="8" >
  </QuadChar>
  <QuadChar id="1057" offset_x="0" offset_y="0" rect_h="15" rect_w="8" rect_x="1608" rect_y="0" width="8" >
  </QuadChar>
  <QuadChar id="1058" offset_x="0" offset_y="0" rect_h="15" rect_w="8" rect_x="1617" rect_y="0" width="8" >
  </QuadChar>
  <QuadChar id="1059" offset_x="0" offset_y="0" rect_h="15" rect_w="8" rect_x="1626" rect_y="0" width="8" >
  </QuadChar>
  <QuadChar id="1060" offset_x="0" offset_y="0" rect_h="15" rect_w="8" rect_x="1635" rect_y="0" width="8" >
  </QuadChar>
  <QuadChar id="1061" offset_x="0" offset_y="0" rect_h="15" rect_w="8" rect_x="1644" rect_y="0" width="8" >
  </QuadChar>
  <QuadChar id="1062" offset_x="0" offset_y="0" rect_h="15" rect_w="8" rect_x="1653" rect_y="0" width="8" >
  </QuadChar>
  <QuadChar id="1063" offset_x="0" offset_y="0" rect_h="15" rect_w="8" rect_x="1662" rect_y="0" width="8" >
  </QuadChar>
  <QuadChar id="1064" offset_x="0" offset_y="0" rect_h="15" rect_w="8" rect_x="1671" rect_y="0" width="8" >
  </QuadChar>
  <QuadChar id="1065" offset_x="0" offset_y="0" rect_h="15" rect_w="8" rect_x="1680" rect_y="0" width="8" >
  </QuadChar>
  <QuadChar id="1066" offset_x="0" offset_y="0" rect_h="15" rect_w="8" rect_x="1689" rect_y="0" width="8" >
  </QuadChar>
  <QuadChar id="1067" offset_x="0" offset_y="0" rect_h="15" rect_w="8" rect_x="1698" rect_y="0" width="8" >
  </QuadChar>
  <QuadChar id="1068" offset_x="0" offset_y="0" rect_h="15" rect_w="7" rect_x="1707" rect_y="0" width="7" >
  </QuadChar>
  <QuadChar id="1069" offset_x="0" offset_y="0" rect_h="15" rect_w="8" rect_x="1715" rect_y="0" width="8" >
  </QuadChar>
  <QuadChar id="1070" offset_x="0" offset_y="0" rect_h="15" rect_w="8" rect_x="1724" rect_y="0" width="8" >
  </QuadChar>
  <QuadChar id="1071" offset_x="0" offset_y="0" rect_h="15" rect_w="8" rect_x="1733" rect_y="0" width="8" >
  </QuadChar>
  <QuadChar id="1072" offset_x="0" offset_y="0" rect_h="15" rect_w="8" rect_x="1742" rect_y="0" width="8" >
  </QuadChar>
  <QuadChar id="1073" offset_x="0" offset_y="0" rect_h="15" rect_w="8" rect_x="1751" rect_y="0" width="8" >
  </QuadChar>
  <QuadChar id="1074" offset_x="0" offset_y="0" rect_h="15" rect_w="8" rect_x="1760" rect_y="0" width="8" >
  </QuadChar>
  <QuadChar id="1075" offset_x="0" offset_y="0" rect_h="15" rect_w="8" rect_x="1769" rect_y="0" width="8" >
  </QuadChar>
  <QuadChar id="1076" offset_x="0" offset_y="0" rect_h="15" rect_w="8" rect_x="1778" rect_y="0" width="8" >
  </QuadChar>
  <QuadChar id="1077" offset_x="0" offset_y="0" rect_h="15" rect_w="8" rect_x="1787" rect_y="0" width="8" >
  </QuadChar>
  <QuadChar id="1078" offset_x="0" offset_y="0" rect_h="15" rect_w="8" rect_x="1796" rect_y="0" width="8" >
  </QuadChar>
  <QuadChar id="1079" offset_x="0" offset_y="0" rect_h="15" rect_w="8" rect_x="1805" rect_y="0" width="8" >
  </QuadChar>
  <QuadChar id="1080" offset_x="0" offset_y="0" rect_h="15" rect_w="8" rect_x="1814" rect_y="0" width="8" >
  </QuadChar>
  <QuadChar id="1081" offset_x="0" offset_y="0" rect_h="15" rect_w="8" rect_x="1823" rect_y="0" width="8" >
  </QuadChar>
  <QuadChar id="1082" offset_x="0" offset_y="0" rect_h="15" rect_w="8" rect_x="1832" rect_y="0" width="8" >
  </QuadChar>
  <QuadChar id="1083" offset_x="0" offset_y="0" rect_h="15" rect_w="8" rect_x="1841" rect_y="0" width="8" >
  </QuadChar>
  <QuadChar id="1084" offset_x="0" offset_y="0" rect_h="15" rect_w="8" rect_x="1850" rect_y="0" width="8" >
  </QuadChar>
  <QuadChar id="1085" offset_x="0" offset_y="0" rect_h="15" rect_w="8" rect_x="1859" rect_y="0" width="8" >
  </QuadChar>
  <QuadChar id="1086" offset_x="0" offset_y="0" rect_h="15" rect_w="8" rect_x="1868" rect_y="0" width="8" >
  </QuadChar>
  <QuadChar id="1087" offset_x="0" offset_y="0" rect_h="15" rect_w="8" rect_x="1877" rect_y="0" width="8" >
  </QuadChar>
  <QuadChar id="1088" offset_x="0" offset_y="0" rect_h="15" rect_w="8" rect_x="1886" rect_y="0" width="8" >
  </QuadChar>
  <QuadChar id="1089" offset_x="0" offset_y="0" rect_h="15" rect_w="8" rect_x="1895" rect_y="0" width="8" >
  </QuadChar>
  <QuadChar id="1090" offset_x="0" offset_y="0" rect_h="15" rect_w="8" rect_x="1904" rect_y="0" width="8" >
  </QuadChar>
  <QuadChar id="1091" offset_x="0" offset_y="0" rect_h="15" rect_w="8" rect_x="1913" rect_y="0" width="8" >
  </QuadChar>
  <QuadChar id="1092" offset_x="0" offset_y="0" rect_h="15" rect_w="8" rect_x="1922" rect_y="0" width="8" >
  </QuadChar>
  <QuadChar id="1093" offset_x="0" offset_y="0" rect_h="15" rect_w="8" rect_x="1931" rect_y="0" width="8" >
  </QuadChar>
  <QuadChar id="1094" offset_x="0" offset_y="0" rect_h="15" rect_w="8" rect_x="1940" rect_y="0" width="8" >
  </QuadChar>
  <QuadChar id="1095" offset_x="0" offset_y="0" rect_h="15" rect_w="8" rect_x="1949" rect_y="0" width="8" >
  </QuadChar>
  <QuadChar id="1096" offset_x="0" offset_y="0" rect_h="15" rect_w="8" rect_x="1958" rect_y="0" width="8" >
  </QuadChar>
  <QuadChar id="1097" offset_x="0" offset_y="0" rect_h="15" rect_w="8" rect_x="1967" rect_y="0" width="8" >
  </QuadChar>
  <QuadChar id="1098" offset_x="0" offset_y="0" rect_h="15" rect_w="8" rect_x="1976" rect_y="0" width="8" >
  </QuadChar>
  <QuadChar id="1099" offset_x="0" offset_y="0" rect_h="15" rect_w="8" rect_x="1985" rect_y="0" width="8" >
  </QuadChar>
  <QuadChar id="1100" offset_x="0" offset_y="0" rect_h="15" rect_w="7" rect_x="1994" rect_y="0" width="7" >
  </QuadChar>
  <QuadChar id="1101" offset_x="0" offset_y="0" rect_h="15" rect_w="8" rect_x="2002" rect_y="0" width="8" >
  </QuadChar>
  <QuadChar id="1102" offset_x="0" offset_y="0" rect_h="15" rect_w="8" rect_x="2011" rect_y="0" width="8" >
  </QuadChar>
  <QuadChar id="1103" offset_x="0" offset_y="0" rect_h="15" rect_w="8" rect_x="2020" rect_y="0" width="8" >
  </QuadChar>
  <QuadChar id="1105" offset_x="0" offset_y="0" rect_h="15" rect_w="8" rect_x="2029" rect_y="0" width="8" >
  </QuadChar>
  <QuadChar id="8211" offset_x="0" offset_y="0" rect_h="15" rect_w="8" rect_x="2038" rect_y="0" width="8" >
  </QuadChar>
  <QuadChar id="8212" offset_x="0" offset_y="0" rect_h="15" rect_w="8" rect_x="2047" rect_y="0" width="8" >
  </QuadChar>
  <QuadChar id="8217" offset_x="0" offset_y="0" rect_h="15" rect_w="3" rect_x="2056" rect_y="0" width="3" >
  </QuadChar>
  <QuadChar id="8220" offset_x="0" offset_y="0" rect_h="15" rect_w="4" rect_x="2060" rect_y="0" width="4" >
  </QuadChar>
  <QuadChar id="8221" offset_x="0" offset_y="0" rect_h="15" rect_w="4" rect_x="2065" rect_y="0" width="4" >
  </QuadChar>
  <QuadChar id="8222" offset_x="0" offset_y="0" rect_h="15" rect_w="4" rect_x="2070" rect_y="0" width="4" >
  </QuadChar>
  <QuadChar id="8230" offset_x="0" offset_y="0" rect_h="15" rect_w="8" rect_x="2075" rect_y="0" width="8" >
  </QuadChar>
  <QuadChar id="8734" offset_x="0" offset_y="0" rect_h="15" rect_w="10" rect_x="2084" rect_y="0" width="10" >
  </QuadChar>
</FontData>
